CUSTOMER_ID,CUSTOMER_NAME,EMAIL,AGE_GROUP,PREFECTURE,MEMBERSHIP_RANK,REGISTERED_AT
1,customer_1,customer_1@example.com,20代,京都府,レギュラー,2024-04-01
2,customer_2,customer_2@example.com,30代,福岡県,レギュラー,2024-08-26
3,customer_3,customer_3@example.com,20代,京都府,レギュラー,2024-09-28
4,customer_4,customer_4@example.com,20代,東京都,レギュラー,2025-09-19
5,customer_5,customer_5@example.com,50代以上,長野県,レギュラー,2024-09-06
6,customer_6,customer_6@example.com,30代,大阪府,レギュラー,2025-02-23
7,customer_7,customer_7@example.com,40代,神奈川県,レギュラー,2026-01-23
8,customer_8,customer_8@example.com,30代,大阪府,レギュラー,2025-01-14
9,customer_9,customer_9@example.com,30代,長野県,レギュラー,2024-02-14
10,customer_10,customer_10@example.com,30代,長野県,レギュラー,2026-02-18
11,customer_11,customer_11@example.com,30代,石川県,ゴールド,2024-12-25
12,customer_12,customer_12@example.com,30代,神奈川県,レギュラー,2025-12-01
13,customer_13,customer_13@example.com,40代,大阪府,レギュラー,2025-05-03
14,customer_14,customer_14@example.com,30代,東京都,レギュラー,2025-07-18
15,customer_15,customer_15@example.com,30代,埼玉県,レギュラー,2024-09-01
16,customer_16,customer_16@example.com,20代,大阪府,ゴールド,2025-05-17
17,customer_17,customer_17@example.com,20代,千葉県,レギュラー,2025-10-07
18,customer_18,customer_18@example.com,30代,東京都,シルバー,2025-04-13
19,customer_19,customer_19@example.com,20代,愛知県,レギュラー,2024-05-15
20,customer_20,customer_20@example.com,50代以上,東京都,レギュラー,2024-10-02
21,customer_21,customer_21@example.com,20代,北海道,シルバー,2025-11-05
22,customer_22,customer_22@example.com,20代,東京都,レギュラー,2025-12-06
23,customer_23,customer_23@example.com,30代,大阪府,レギュラー,2025-07-19
24,customer_24,customer_24@example.com,30代,三重県,レギュラー,2025-07-09
25,customer_25,customer_25@example.com,50代以上,東京都,シルバー,2024-05-03
26,customer_26,customer_26@example.com,40代,神奈川県,レギュラー,2026-03-10
27,customer_27,customer_27@example.com,40代,福岡県,ゴールド,2023-05-04
28,customer_28,customer_28@example.com,40代,兵庫県,レギュラー,2024-04-03
29,customer_29,customer_29@example.com,30代,沖縄県,レギュラー,2025-03-14
30,customer_30,customer_30@example.com,20代,千葉県,レギュラー,2023-09-26
31,customer_31,customer_31@example.com,20代,岐阜県,レギュラー,2025-06-08
32,customer_32,customer_32@example.com,20代,静岡県,レギュラー,2026-03-17
33,customer_33,customer_33@example.com,40代,宮城県,レギュラー,2024-07-08
34,customer_34,customer_34@example.com,40代,大阪府,シルバー,2024-12-11
35,customer_35,customer_35@example.com,50代以上,東京都,レギュラー,2025-09-14
36,customer_36,customer_36@example.com,20代,愛知県,レギュラー,2026-02-24
37,customer_37,customer_37@example.com,50代以上,福岡県,レギュラー,2025-12-10
38,customer_38,customer_38@example.com,20代,熊本県,シルバー,2026-01-19
39,customer_39,customer_39@example.com,20代,兵庫県,レギュラー,2025-02-07
40,customer_40,customer_40@example.com,30代,神奈川県,シルバー,2026-02-10
41,customer_41,customer_41@example.com,20代,新潟県,レギュラー,2025-02-19
42,customer_42,customer_42@example.com,20代,東京都,シルバー,2025-05-25
43,customer_43,customer_43@example.com,30代,東京都,レギュラー,2024-12-18
44,customer_44,customer_44@example.com,30代,愛知県,レギュラー,2025-11-09
45,customer_45,customer_45@example.com,30代,東京都,レギュラー,2024-09-18
46,customer_46,customer_46@example.com,20代,神奈川県,レギュラー,2024-04-07
47,customer_47,customer_47@example.com,30代,神奈川県,シルバー,2025-10-18
48,customer_48,customer_48@example.com,20代,神奈川県,シルバー,2026-03-06
49,customer_49,customer_49@example.com,50代以上,福岡県,レギュラー,2024-11-06
50,customer_50,customer_50@example.com,20代,神奈川県,シルバー,2025-08-27
51,customer_51,customer_51@example.com,20代,石川県,レギュラー,2023-07-07
52,customer_52,customer_52@example.com,30代,大阪府,シルバー,2025-06-20
53,customer_53,customer_53@example.com,20代,大阪府,シルバー,2025-10-23
54,customer_54,customer_54@example.com,40代,千葉県,レギュラー,2025-04-12
55,customer_55,customer_55@example.com,30代,愛知県,レギュラー,2024-09-21
56,customer_56,customer_56@example.com,50代以上,広島県,レギュラー,2024-10-27
57,customer_57,customer_57@example.com,40代,愛知県,シルバー,2024-04-16
58,customer_58,customer_58@example.com,30代,福岡県,レギュラー,2023-07-03
59,customer_59,customer_59@example.com,40代,埼玉県,シルバー,2023-07-13
60,customer_60,customer_60@example.com,30代,香川県,レギュラー,2024-11-09
61,customer_61,customer_61@example.com,20代,京都府,レギュラー,2024-11-09
62,customer_62,customer_62@example.com,50代以上,大阪府,レギュラー,2025-03-18
63,customer_63,customer_63@example.com,40代,長野県,レギュラー,2026-01-10
64,customer_64,customer_64@example.com,20代,東京都,レギュラー,2025-01-21
65,customer_65,customer_65@example.com,20代,千葉県,レギュラー,2025-01-08
66,customer_66,customer_66@example.com,50代以上,兵庫県,シルバー,2025-07-21
67,customer_67,customer_67@example.com,20代,東京都,レギュラー,2024-08-02
68,customer_68,customer_68@example.com,40代,静岡県,シルバー,2025-07-14
69,customer_69,customer_69@example.com,20代,大阪府,シルバー,2024-08-15
70,customer_70,customer_70@example.com,30代,東京都,レギュラー,2024-09-20
71,customer_71,customer_71@example.com,50代以上,福岡県,レギュラー,2023-06-16
72,customer_72,customer_72@example.com,30代,愛媛県,レギュラー,2024-09-22
73,customer_73,customer_73@example.com,30代,神奈川県,シルバー,2023-05-11
74,customer_74,customer_74@example.com,30代,神奈川県,レギュラー,2024-11-21
75,customer_75,customer_75@example.com,20代,岐阜県,レギュラー,2024-02-20
76,customer_76,customer_76@example.com,30代,富山県,ゴールド,2024-05-21
77,customer_77,customer_77@example.com,30代,愛知県,レギュラー,2023-07-20
78,customer_78,customer_78@example.com,40代,神奈川県,シルバー,2024-04-10
79,customer_79,customer_79@example.com,30代,神奈川県,シルバー,2024-09-28
80,customer_80,customer_80@example.com,20代,東京都,シルバー,2025-10-13
81,customer_81,customer_81@example.com,20代,神奈川県,レギュラー,2025-05-17
82,customer_82,customer_82@example.com,50代以上,静岡県,レギュラー,2025-10-21
83,customer_83,customer_83@example.com,30代,埼玉県,レギュラー,2025-07-21
84,customer_84,customer_84@example.com,50代以上,福岡県,レギュラー,2023-08-01
85,customer_85,customer_85@example.com,30代,埼玉県,レギュラー,2025-06-06
86,customer_86,customer_86@example.com,20代,東京都,レギュラー,2024-08-22
87,customer_87,customer_87@example.com,30代,鹿児島県,プラチナ,2024-10-23
88,customer_88,customer_88@example.com,40代,神奈川県,レギュラー,2025-03-10
89,customer_89,customer_89@example.com,30代,京都府,レギュラー,2025-11-27
90,customer_90,customer_90@example.com,20代,大阪府,シルバー,2026-02-27
91,customer_91,customer_91@example.com,20代,東京都,ゴールド,2024-10-06
92,customer_92,customer_92@example.com,30代,東京都,ゴールド,2025-08-24
93,customer_93,customer_93@example.com,40代,福岡県,シルバー,2024-12-12
94,customer_94,customer_94@example.com,20代,京都府,レギュラー,2025-02-12
95,customer_95,customer_95@example.com,40代,栃木県,レギュラー,2023-11-23
96,customer_96,customer_96@example.com,50代以上,埼玉県,レギュラー,2025-06-13
97,customer_97,customer_97@example.com,40代,神奈川県,レギュラー,2024-10-09
98,customer_98,customer_98@example.com,50代以上,東京都,シルバー,2025-02-12
99,customer_99,customer_99@example.com,20代,兵庫県,プラチナ,2023-09-08
100,customer_100,customer_100@example.com,20代,長野県,レギュラー,2024-01-01
101,customer_101,customer_101@example.com,20代,福岡県,レギュラー,2023-07-19
102,customer_102,customer_102@example.com,40代,京都府,レギュラー,2025-12-19
103,customer_103,customer_103@example.com,40代,福岡県,レギュラー,2025-04-02
104,customer_104,customer_104@example.com,40代,群馬県,レギュラー,2023-06-09
105,customer_105,customer_105@example.com,50代以上,愛知県,シルバー,2024-03-04
106,customer_106,customer_106@example.com,30代,神奈川県,レギュラー,2024-05-11
107,customer_107,customer_107@example.com,40代,東京都,レギュラー,2025-03-24
108,customer_108,customer_108@example.com,50代以上,福岡県,レギュラー,2025-10-28
109,customer_109,customer_109@example.com,20代,東京都,レギュラー,2025-09-28
110,customer_110,customer_110@example.com,40代,滋賀県,シルバー,2026-02-18
111,customer_111,customer_111@example.com,20代,岡山県,レギュラー,2023-06-19
112,customer_112,customer_112@example.com,40代,愛知県,レギュラー,2025-03-11
113,customer_113,customer_113@example.com,40代,東京都,レギュラー,2025-01-15
114,customer_114,customer_114@example.com,30代,福岡県,レギュラー,2025-04-08
115,customer_115,customer_115@example.com,20代,東京都,レギュラー,2024-04-16
116,customer_116,customer_116@example.com,30代,広島県,レギュラー,2025-04-14
117,customer_117,customer_117@example.com,30代,兵庫県,レギュラー,2024-09-06
118,customer_118,customer_118@example.com,40代,千葉県,レギュラー,2024-08-24
119,customer_119,customer_119@example.com,30代,東京都,シルバー,2025-02-27
120,customer_120,customer_120@example.com,20代,京都府,レギュラー,2026-02-16
121,customer_121,customer_121@example.com,50代以上,兵庫県,シルバー,2026-02-11
122,customer_122,customer_122@example.com,20代,東京都,レギュラー,2024-11-02
123,customer_123,customer_123@example.com,40代,兵庫県,レギュラー,2024-12-26
124,customer_124,customer_124@example.com,30代,石川県,レギュラー,2025-09-23
125,customer_125,customer_125@example.com,40代,埼玉県,シルバー,2024-08-13
126,customer_126,customer_126@example.com,30代,東京都,シルバー,2025-03-28
127,customer_127,customer_127@example.com,20代,岡山県,レギュラー,2026-02-13
128,customer_128,customer_128@example.com,30代,宮城県,シルバー,2026-03-17
129,customer_129,customer_129@example.com,10代,石川県,レギュラー,2025-07-08
130,customer_130,customer_130@example.com,40代,岐阜県,レギュラー,2025-01-05
131,customer_131,customer_131@example.com,40代,東京都,レギュラー,2025-02-24
132,customer_132,customer_132@example.com,20代,愛媛県,シルバー,2025-07-12
133,customer_133,customer_133@example.com,40代,愛知県,レギュラー,2024-01-05
134,customer_134,customer_134@example.com,50代以上,埼玉県,レギュラー,2023-06-09
135,customer_135,customer_135@example.com,50代以上,愛知県,レギュラー,2023-04-13
136,customer_136,customer_136@example.com,20代,東京都,シルバー,2024-06-05
137,customer_137,customer_137@example.com,30代,東京都,レギュラー,2025-12-24
138,customer_138,customer_138@example.com,20代,愛知県,シルバー,2024-05-27
139,customer_139,customer_139@example.com,20代,愛知県,シルバー,2024-10-06
140,customer_140,customer_140@example.com,50代以上,静岡県,レギュラー,2023-11-02
141,customer_141,customer_141@example.com,30代,大阪府,シルバー,2024-01-24
142,customer_142,customer_142@example.com,40代,静岡県,レギュラー,2026-02-06
143,customer_143,customer_143@example.com,20代,岐阜県,レギュラー,2024-10-27
144,customer_144,customer_144@example.com,30代,長野県,レギュラー,2023-09-14
145,customer_145,customer_145@example.com,30代,岡山県,レギュラー,2026-03-14
146,customer_146,customer_146@example.com,20代,福岡県,レギュラー,2025-10-06
147,customer_147,customer_147@example.com,30代,兵庫県,シルバー,2024-02-21
148,customer_148,customer_148@example.com,40代,愛知県,レギュラー,2025-02-12
149,customer_149,customer_149@example.com,20代,神奈川県,レギュラー,2023-06-17
150,customer_150,customer_150@example.com,10代,埼玉県,ゴールド,2023-08-23
151,customer_151,customer_151@example.com,50代以上,東京都,ゴールド,2025-03-15
152,customer_152,customer_152@example.com,30代,大阪府,レギュラー,2026-03-17
153,customer_153,customer_153@example.com,50代以上,大阪府,レギュラー,2025-01-12
154,customer_154,customer_154@example.com,40代,神奈川県,シルバー,2024-10-25
155,customer_155,customer_155@example.com,30代,福岡県,レギュラー,2025-12-21
156,customer_156,customer_156@example.com,50代以上,東京都,レギュラー,2023-09-23
157,customer_157,customer_157@example.com,20代,千葉県,レギュラー,2024-12-03
158,customer_158,customer_158@example.com,20代,栃木県,レギュラー,2025-04-27
159,customer_159,customer_159@example.com,20代,兵庫県,レギュラー,2025-12-10
160,customer_160,customer_160@example.com,30代,福岡県,レギュラー,2024-11-07
161,customer_161,customer_161@example.com,50代以上,神奈川県,レギュラー,2024-11-04
162,customer_162,customer_162@example.com,20代,兵庫県,レギュラー,2025-06-27
163,customer_163,customer_163@example.com,30代,埼玉県,レギュラー,2023-10-17
164,customer_164,customer_164@example.com,20代,千葉県,シルバー,2025-08-18
165,customer_165,customer_165@example.com,40代,神奈川県,レギュラー,2024-07-12
166,customer_166,customer_166@example.com,40代,富山県,シルバー,2023-05-13
167,customer_167,customer_167@example.com,40代,埼玉県,レギュラー,2023-06-23
168,customer_168,customer_168@example.com,30代,神奈川県,シルバー,2024-01-24
169,customer_169,customer_169@example.com,30代,愛知県,レギュラー,2024-05-14
170,customer_170,customer_170@example.com,20代,滋賀県,レギュラー,2024-04-19
171,customer_171,customer_171@example.com,40代,千葉県,シルバー,2023-11-11
172,customer_172,customer_172@example.com,40代,長野県,シルバー,2023-06-17
173,customer_173,customer_173@example.com,20代,栃木県,レギュラー,2025-03-22
174,customer_174,customer_174@example.com,20代,千葉県,レギュラー,2025-08-25
175,customer_175,customer_175@example.com,30代,広島県,レギュラー,2024-02-18
176,customer_176,customer_176@example.com,20代,北海道,レギュラー,2024-08-24
177,customer_177,customer_177@example.com,40代,兵庫県,レギュラー,2025-02-17
178,customer_178,customer_178@example.com,30代,福岡県,レギュラー,2025-06-14
179,customer_179,customer_179@example.com,20代,神奈川県,シルバー,2025-05-21
180,customer_180,customer_180@example.com,40代,岡山県,プラチナ,2024-11-06
181,customer_181,customer_181@example.com,30代,神奈川県,レギュラー,2025-12-16
182,customer_182,customer_182@example.com,40代,北海道,シルバー,2025-04-24
183,customer_183,customer_183@example.com,30代,神奈川県,レギュラー,2024-10-22
184,customer_184,customer_184@example.com,50代以上,神奈川県,レギュラー,2024-09-10
185,customer_185,customer_185@example.com,30代,福岡県,レギュラー,2024-02-17
186,customer_186,customer_186@example.com,20代,愛知県,レギュラー,2025-09-14
187,customer_187,customer_187@example.com,40代,福岡県,レギュラー,2025-12-15
188,customer_188,customer_188@example.com,20代,埼玉県,レギュラー,2023-09-28
189,customer_189,customer_189@example.com,20代,広島県,レギュラー,2024-11-19
190,customer_190,customer_190@example.com,20代,大阪府,レギュラー,2025-03-03
191,customer_191,customer_191@example.com,20代,東京都,シルバー,2025-10-12
192,customer_192,customer_192@example.com,40代,埼玉県,シルバー,2024-06-18
193,customer_193,customer_193@example.com,50代以上,北海道,レギュラー,2024-07-08
194,customer_194,customer_194@example.com,20代,兵庫県,ゴールド,2025-07-07
195,customer_195,customer_195@example.com,30代,大阪府,レギュラー,2024-12-07
196,customer_196,customer_196@example.com,20代,福岡県,レギュラー,2024-06-22
197,customer_197,customer_197@example.com,30代,北海道,レギュラー,2025-12-16
198,customer_198,customer_198@example.com,40代,大阪府,レギュラー,2024-07-28
199,customer_199,customer_199@example.com,30代,千葉県,レギュラー,2024-07-11
200,customer_200,customer_200@example.com,30代,東京都,レギュラー,2025-04-28
