REVIEW_ID,PRODUCT_ID,CUSTOMER_ID,ORDER_ID,RATING,REVIEW_TEXT,REVIEW_DATE,HELPFUL_COUNT
1,23,190,10170,2,集中補修トリートメントを使い始めてからフケが増えた気がします。成分が合わなかったのかもしれません。1週間で使用を中止しました。,2025-09-07,0
2,35,191,10721,5,フットクリーム かかとケア集中補修、プレゼントで頂いてから気に入ってリピートしています。手荒れがひどかったのですが、これを使い始めてからかなり改善されました。,2025-04-27,0
3,9,150,10830,4,友人からのプレゼントでオーガニック保湿ミストを使い始めました。自分では選ばなかったかもしれませんが、使ってみたら想像以上に良かったです。肌なじみが良くてお気に入りになりました。,2025-06-25,9
4,11,149,10237,5,リキッドファンデーション シルクフィット、もう手放せません！カバー力があるのに厚塗り感ゼロで、まるで素肌がきれいになったみたい。朝つけて夕方までヨレないのも最高です。ファンデジプシーだった私の旅がようやく終わりました。,2026-03-17,17
5,11,140,10275,4,汗をかいても崩れにくいリキッドファンデーション シルクフィット、夏場は本当に助かりました。冬はちょっと乾燥が気になるので保湿下地と合わせて使っています。,2025-11-22,12
6,32,52,10887,5,薬用デオドラントボディソープ、プレゼントで頂いてから気に入ってリピートしています。手荒れがひどかったのですが、これを使い始めてからかなり改善されました。,2025-06-27,9
7,6,6,10580,5,最高です！薬用美白化粧水 ホワイトリペアのおかげで化粧ノリが全然違います。朝つけて夕方まで乾燥知らず。,2025-05-19,17
8,10,117,10062,2,ナイトリペアオイルの品質自体は悪くないと思うのですが、配送に問題がありました。注文から届くまで10日以上かかり、箱もかなり潰れた状態で届きました。中身に問題はなかったですが、もう少し丁寧に扱ってほしいです。商品自体は星4つの価値があると思いますが、配送のマイナスで星2です。,2025-08-28,33
9,31,74,10888,3,ボディスクラブ ソルト＆シトラス、悪くないけど保湿力は普通かな。もう少しこっくりしたテクスチャーの方が冬場には良いかも。夏向きだと思います。,2025-04-24,0
10,43,14,10369,4,ルームフレグランス ホワイトティー、香り自体はとても好みです。ただ持続時間が3時間くらいしかないのが残念。つけ直し前提で使っています。,2025-09-27,18
11,38,84,10568,2,期待して買ったオーガニックボディオイルですが、思ったよりベタつきが残ります。塗った後しばらく服が着られないのがストレス。,2026-01-19,15
12,12,175,10350,2,マットリップ ベルベットルージュのカラーが写真と全然違いました。画面で見たピンクベージュを期待していたのに、実物はかなりオレンジ寄り。色味の再現性をもう少し正確にしてほしいです。返品したかったのですが開封済みは返品不可とのことで残念です。,2025-04-20,0
13,44,90,10611,1,ヘアフレグランス シルキーフローラル、商品説明と全く違う香りでした。フローラル系だと思って買ったのにウッディ系が強い。商品ページの説明を正確にしてほしいです。,2026-03-17,10
14,8,51,10754,4,毛穴すっきりクレイウォッシュはかなり良い商品だと思います。保湿力は申し分なく、使用感も好みです。ただ、ポンプ式だとさらに使いやすいかなと思いました。キャップを毎回開け閉めするのがちょっと面倒です。それ以外は満足しています。,2025-04-01,10
15,5,40,10891,3,普通かな。UVプロテクトミルク SPF50+はSNSで話題になっていたので購入しましたが、私の肌には特別な変化はありませんでした。悪くはないけど感動もない感じ。,2025-07-19,0
16,32,40,10285,4,子供と一緒に使える薬用デオドラントボディソープ。低刺激で安心。香りもきつくなくて良いです。,2026-02-02,2
17,5,126,10626,2,敏感肌向けと書いてあったのでUVプロテクトミルク SPF50+を購入しましたが、私には合いませんでした。塗った直後にピリピリとした刺激を感じ、翌日赤みが出てしまいました。成分を確認したらエタノールが入っていたので、アルコールに弱い方は注意が必要です。,2026-03-17,2
18,39,52,10887,3,オードパルファム フルールドソワレ、店頭で試した時は良い香りだと思ったのですが、自分の肌につけると少し違う印象になりました。体温で香りが変化するのは仕方ないですが、ちょっと残念。,2025-10-10,4
19,48,190,10628,4,プレゼント用にバスボム アソートセットを購入しました。パッケージもおしゃれで喜んでもらえました。自分用にも欲しくなりました。,2026-02-18,0
20,43,92,10284,4,プレゼント用にルームフレグランス ホワイトティーを購入しました。パッケージもおしゃれで喜んでもらえました。自分用にも欲しくなりました。,2025-10-23,12
21,29,64,10667,3,シアバターボディクリーム、悪くないけど保湿力は普通かな。もう少しこっくりしたテクスチャーの方が冬場には良いかも。夏向きだと思います。,2025-06-18,36
22,5,130,10073,4,UVプロテクトミルク SPF50+、星4つです。効果は確かに感じますが、香りがもう少し控えめだと個人的には嬉しいです。機能面では文句なしです。,2026-02-17,0
23,17,152,10227,5,アイブロウペンシル ナチュラルフィットは発色が本当にきれいで、つけるたびにテンションが上がります。パッケージもおしゃれで持ち歩くのが楽しいです。リピート確定！,2025-05-14,15
24,6,112,10823,2,薬用美白化粧水 ホワイトリペアの品質自体は悪くないと思うのですが、配送に問題がありました。注文から届くまで10日以上かかり、箱もかなり潰れた状態で届きました。中身に問題はなかったですが、もう少し丁寧に扱ってほしいです。商品自体は星4つの価値があると思いますが、配送のマイナスで星2です。,2025-11-15,10
25,4,57,10448,4,混合肌ですがオーガニッククレンジングオイルは問題なく使えています。Tゾーンがテカリやすいのですが、こちらを使った後はサラッとした仕上がりで気に入っています。もう少し量が多いとコスパ的に嬉しいです。,2025-10-17,1
26,33,191,10660,5,冬場のカサカサ肌にリラックスバスソルト ラベンダーが手放せません。お風呂上がりに全身に塗ると翌朝までしっとりが続きます。香りも癒されます。もう5本はリピートしています。コスパも最高です。,2026-02-17,47
27,26,111,10466,3,カラーケアコンディショナーは可もなく不可もなく。以前使っていたシャンプーの方が自分には合っていた気がします。香りは好きです。,2025-06-02,45
28,2,79,10426,2,敏感肌向けと書いてあったのでディープモイスト乳液を購入しましたが、私には合いませんでした。塗った直後にピリピリとした刺激を感じ、翌日赤みが出てしまいました。成分を確認したらエタノールが入っていたので、アルコールに弱い方は注意が必要です。,2025-06-20,7
29,21,136,10843,5,カラーで傷みまくっていた髪がダメージリペアシャンプーを使い始めて2週間で見違えるようにサラサラになりました。美容師さんにも「髪の状態良くなったね」と言われて嬉しかったです。シャンプーでこんなに変わるとは思いませんでした。,2025-09-25,0
30,47,150,10830,4,プレゼント用にファブリックミスト フレッシュリネンを購入しました。パッケージもおしゃれで喜んでもらえました。自分用にも欲しくなりました。,2026-02-11,3
31,45,130,10051,4,アロマオイルセット リラクゼーション、香り自体はとても好みです。ただ持続時間が3時間くらいしかないのが残念。つけ直し前提で使っています。,2026-01-26,50
32,25,180,10461,5,カラーで傷みまくっていた髪がスカルプケアシャンプー メンズを使い始めて2週間で見違えるようにサラサラになりました。美容師さんにも「髪の状態良くなったね」と言われて嬉しかったです。シャンプーでこんなに変わるとは思いませんでした。,2025-07-19,0
33,4,29,10340,4,オーガニッククレンジングオイルはかなり良い商品だと思います。保湿力は申し分なく、使用感も好みです。ただ、ポンプ式だとさらに使いやすいかなと思いました。キャップを毎回開け閉めするのがちょっと面倒です。それ以外は満足しています。,2025-12-16,0
34,5,170,10081,4,混合肌ですがUVプロテクトミルク SPF50+は問題なく使えています。Tゾーンがテカリやすいのですが、こちらを使った後はサラッとした仕上がりで気に入っています。もう少し量が多いとコスパ的に嬉しいです。,2025-04-02,0
35,2,11,10998,5,最高です！ディープモイスト乳液のおかげで化粧ノリが全然違います。朝つけて夕方まで乾燥知らず。,2026-01-06,18
36,12,172,10545,5,マットリップ ベルベットルージュは発色が本当にきれいで、つけるたびにテンションが上がります。パッケージもおしゃれで持ち歩くのが楽しいです。リピート確定！,2025-10-25,15
37,16,39,10388,4,汗をかいても崩れにくいリップティント ジューシーグロウ、夏場は本当に助かりました。冬はちょっと乾燥が気になるので保湿下地と合わせて使っています。,2025-06-12,49
38,7,46,10226,3,エイジングケアクリーム リッチ、使い心地は良いのですが値段を考えるとドラッグストアの商品でも良いかなと思ってしまいます。,2025-07-12,0
39,36,196,10731,5,冬場のカサカサ肌にリップバーム シアモイストが手放せません。お風呂上がりに全身に塗ると翌朝までしっとりが続きます。香りも癒されます。もう5本はリピートしています。コスパも最高です。,2025-08-28,17
40,24,100,10586,1,蓋が取れた状態で届きました。ヘアオイル ゴールデンシルクの中身がダンボールに染み出していて最悪。すぐに交換を依頼しましたが返品送料がかかると言われ、納得できません。,2025-06-11,17
41,21,173,10791,5,ダメージリペアシャンプーの香りが大好きです。洗っている間も、乾かした後も、翌朝もふんわり良い香りが続きます。もちろん髪の仕上がりも◎です。,2026-02-26,14
42,48,97,10375,3,バスボム アソートセット、店頭で試した時は良い香りだと思ったのですが、自分の肌につけると少し違う印象になりました。体温で香りが変化するのは仕方ないですが、ちょっと残念。,2026-02-06,0
43,35,197,10482,4,子供と一緒に使えるフットクリーム かかとケア集中補修。低刺激で安心。香りもきつくなくて良いです。,2025-12-18,19
44,8,74,10402,5,最高です！毛穴すっきりクレイウォッシュのおかげで化粧ノリが全然違います。朝つけて夕方まで乾燥知らず。,2025-06-18,0
45,13,46,10704,4,汗をかいても崩れにくいアイシャドウパレット トワイライト、夏場は本当に助かりました。冬はちょっと乾燥が気になるので保湿下地と合わせて使っています。,2025-10-05,17
46,32,39,10899,5,冬場のカサカサ肌に薬用デオドラントボディソープが手放せません。お風呂上がりに全身に塗ると翌朝までしっとりが続きます。香りも癒されます。もう5本はリピートしています。コスパも最高です。,2025-12-11,38
47,12,69,10370,3,SNSのレビューを見て買いましたが、マットリップ ベルベットルージュは期待ほどではなかったです。普通に使えるけど、値段なりかなという印象。,2025-06-18,13
48,46,92,10524,1,パフュームハンドクリーム ムスク、商品説明と全く違う香りでした。フローラル系だと思って買ったのにウッディ系が強い。商品ページの説明を正確にしてほしいです。,2026-03-17,36
49,45,152,10510,1,アロマオイルセット リラクゼーション、商品説明と全く違う香りでした。フローラル系だと思って買ったのにウッディ系が強い。商品ページの説明を正確にしてほしいです。,2025-04-18,0
50,15,52,10281,3,SNSのレビューを見て買いましたが、クッションファンデ エアリーカバーは期待ほどではなかったです。普通に使えるけど、値段なりかなという印象。,2025-06-21,10
51,39,17,10174,2,オードパルファム フルールドソワレの香りが強すぎて酔ってしまいました。もう少し控えめだと良いのですが。開封してしまったので返品できず…。,2025-12-14,2
52,27,151,10115,4,ヘアミスト フローラルブーケ、洗い上がりはとても良いです。髪がきしまず、しっとりまとまります。ただ、ボトルが最後まで使いにくい形状で中身が出にくくなるのが難点です。,2025-11-14,26
53,12,81,10658,2,マットリップ ベルベットルージュのカラーが写真と全然違いました。画面で見たピンクベージュを期待していたのに、実物はかなりオレンジ寄り。色味の再現性をもう少し正確にしてほしいです。返品したかったのですが開封済みは返品不可とのことで残念です。,2025-06-05,0
54,13,138,10150,4,アイシャドウパレット トワイライトは全体的に満足しています。発色も持ちも良いです。欲を言えばもう2色くらいカラーバリエーションがあると嬉しいですね。ブルベ冬向けのカラーも出してほしいです。,2026-03-17,20
55,30,123,10822,5,ハンドクリーム ローズ＆ハニー、プレゼントで頂いてから気に入ってリピートしています。手荒れがひどかったのですが、これを使い始めてからかなり改善されました。,2025-10-07,0
56,21,148,10314,5,ダメージリペアシャンプーの香りが大好きです。洗っている間も、乾かした後も、翌朝もふんわり良い香りが続きます。もちろん髪の仕上がりも◎です。,2025-05-21,14
57,21,147,10812,2,ダメージリペアシャンプーを使い始めてからフケが増えた気がします。成分が合わなかったのかもしれません。1週間で使用を中止しました。,2025-07-24,0
58,15,155,10922,5,クッションファンデ エアリーカバーは発色が本当にきれいで、つけるたびにテンションが上がります。パッケージもおしゃれで持ち歩くのが楽しいです。リピート確定！,2025-12-22,47
59,16,123,10822,3,SNSのレビューを見て買いましたが、リップティント ジューシーグロウは期待ほどではなかったです。普通に使えるけど、値段なりかなという印象。,2026-03-13,12
60,11,197,10482,4,リキッドファンデーション シルクフィットは全体的に満足しています。発色も持ちも良いです。欲を言えばもう2色くらいカラーバリエーションがあると嬉しいですね。ブルベ冬向けのカラーも出してほしいです。,2025-05-12,6
61,39,36,10778,5,オードパルファム フルールドソワレはふんわり香る程度なのでオフィスでも使いやすいです。香りの持続時間も長すぎず短すぎずちょうど良い。,2025-11-07,0
62,28,84,10568,3,頭皮エッセンス スカルプリバイブは可もなく不可もなく。以前使っていたシャンプーの方が自分には合っていた気がします。香りは好きです。,2025-04-03,0
63,24,161,10132,5,カラーで傷みまくっていた髪がヘアオイル ゴールデンシルクを使い始めて2週間で見違えるようにサラサラになりました。美容師さんにも「髪の状態良くなったね」と言われて嬉しかったです。シャンプーでこんなに変わるとは思いませんでした。,2025-07-28,17
64,30,132,10133,3,ハンドクリーム ローズ＆ハニー、悪くないけど保湿力は普通かな。もう少しこっくりしたテクスチャーの方が冬場には良いかも。夏向きだと思います。,2025-04-24,4
65,33,27,10308,2,期待して買ったリラックスバスソルト ラベンダーですが、思ったよりベタつきが残ります。塗った後しばらく服が着られないのがストレス。,2026-01-21,0
66,22,128,10531,5,オーガニックシャンプー ハーバルブリーズの香りが大好きです。洗っている間も、乾かした後も、翌朝もふんわり良い香りが続きます。もちろん髪の仕上がりも◎です。,2025-04-06,0
67,36,81,10658,3,リップバーム シアモイスト、悪くないけど保湿力は普通かな。もう少しこっくりしたテクスチャーの方が冬場には良いかも。夏向きだと思います。,2025-05-23,0
68,3,118,10351,5,最高です！ビタミンC美容液 ピュアドロップのおかげで化粧ノリが全然違います。朝つけて夕方まで乾燥知らず。,2025-05-13,13
69,3,93,10588,4,ビタミンC美容液 ピュアドロップ、星4つです。効果は確かに感じますが、香りがもう少し控えめだと個人的には嬉しいです。機能面では文句なしです。,2025-04-27,9
70,14,1,10576,5,ロングラッシュマスカラは発色が本当にきれいで、つけるたびにテンションが上がります。パッケージもおしゃれで持ち歩くのが楽しいです。リピート確定！,2025-11-18,2
71,47,96,10518,5,ファブリックミスト フレッシュリネンの香りが本当に素晴らしいです。トップからラストまでの変化が美しく、つけるたびに幸せな気持ちになれます。周りからも「良い香りだね」と褒められます。特別な日のために購入しましたが、毎日つけたくなるくらい気に入りました。,2025-08-20,32
72,8,102,10181,3,毛穴すっきりクレイウォッシュ、使い心地は良いのですが値段を考えるとドラッグストアの商品でも良いかなと思ってしまいます。,2025-05-26,13
73,36,11,10570,4,リップバーム シアモイストは保湿力◎。ただ、チューブタイプなので最後の方が出しにくい。ポンプ式があれば嬉しいです。,2025-05-23,27
74,8,102,10181,3,毛穴すっきりクレイウォッシュ、使い心地は良いのですが値段を考えるとドラッグストアの商品でも良いかなと思ってしまいます。,2025-05-19,35
75,40,7,10620,2,オードトワレ シトラスブリーズの香りが強すぎて酔ってしまいました。もう少し控えめだと良いのですが。開封してしまったので返品できず…。,2026-02-23,0
76,2,180,10120,3,普通かな。ディープモイスト乳液はSNSで話題になっていたので購入しましたが、私の肌には特別な変化はありませんでした。悪くはないけど感動もない感じ。,2025-06-05,6
77,30,11,10408,3,ハンドクリーム ローズ＆ハニー、悪くないけど保湿力は普通かな。もう少しこっくりしたテクスチャーの方が冬場には良いかも。夏向きだと思います。,2026-02-06,19
78,18,71,10360,2,チーク＆リップ デュアルカラーのカラーが写真と全然違いました。画面で見たピンクベージュを期待していたのに、実物はかなりオレンジ寄り。色味の再現性をもう少し正確にしてほしいです。返品したかったのですが開封済みは返品不可とのことで残念です。,2026-02-14,0
79,22,101,10575,5,カラーで傷みまくっていた髪がオーガニックシャンプー ハーバルブリーズを使い始めて2週間で見違えるようにサラサラになりました。美容師さんにも「髪の状態良くなったね」と言われて嬉しかったです。シャンプーでこんなに変わるとは思いませんでした。,2025-11-11,21
80,33,39,10899,5,冬場のカサカサ肌にリラックスバスソルト ラベンダーが手放せません。お風呂上がりに全身に塗ると翌朝までしっとりが続きます。香りも癒されます。もう5本はリピートしています。コスパも最高です。,2025-06-16,40
81,2,99,10816,5,Best ディープモイスト乳液 I've ever used. The quality of Japanese skincare is truly outstanding.,2025-09-05,2
82,1,44,10770,5,最高です！薬用モイスチャーローションのおかげで化粧ノリが全然違います。朝つけて夕方まで乾燥知らず。,2025-11-12,15
83,9,54,10458,4,オーガニック保湿ミスト works well for my skin type. Shipping to Singapore was fast too. Would buy again.,2025-12-25,2
84,8,164,10986,1,毛穴すっきりクレイウォッシュを購入しましたが、届いた商品の蓋がきちんと閉まっておらず、中身が半分くらい漏れていました。すぐにカスタマーサービスに連絡しましたが、返信が来たのは5日後。交換対応はしてもらえましたが、対応の遅さに残念な気持ちになりました。商品の品質管理と顧客対応の改善をお願いします。,2025-04-01,0
85,36,81,10658,5,冬場のカサカサ肌にリップバーム シアモイストが手放せません。お風呂上がりに全身に塗ると翌朝までしっとりが続きます。香りも癒されます。もう5本はリピートしています。コスパも最高です。,2025-09-12,0
86,39,105,10652,3,オードパルファム フルールドソワレ、店頭で試した時は良い香りだと思ったのですが、自分の肌につけると少し違う印象になりました。体温で香りが変化するのは仕方ないですが、ちょっと残念。,2026-02-02,50
87,24,195,10103,5,カラーで傷みまくっていた髪がヘアオイル ゴールデンシルクを使い始めて2週間で見違えるようにサラサラになりました。美容師さんにも「髪の状態良くなったね」と言われて嬉しかったです。シャンプーでこんなに変わるとは思いませんでした。,2025-12-23,0
88,44,87,10495,5,ヘアフレグランス シルキーフローラルはふんわり香る程度なのでオフィスでも使いやすいです。香りの持続時間も長すぎず短すぎずちょうど良い。,2025-09-18,7
89,8,75,10675,2,敏感肌向けと書いてあったので毛穴すっきりクレイウォッシュを購入しましたが、私には合いませんでした。塗った直後にピリピリとした刺激を感じ、翌日赤みが出てしまいました。成分を確認したらエタノールが入っていたので、アルコールに弱い方は注意が必要です。,2025-04-04,41
90,32,33,10304,4,薬用デオドラントボディソープは保湿力◎。ただ、チューブタイプなので最後の方が出しにくい。ポンプ式があれば嬉しいです。,2025-04-25,5
91,1,76,10161,1,全く効果なし。薬用モイスチャーローションを2ヶ月使いましたが何も変わりませんでした。高いお金を出したのに残念です。,2025-12-20,0
92,1,123,10768,4,薬用モイスチャーローションはかなり良い商品だと思います。保湿力は申し分なく、使用感も好みです。ただ、ポンプ式だとさらに使いやすいかなと思いました。キャップを毎回開け閉めするのがちょっと面倒です。それ以外は満足しています。,2026-02-25,0
93,5,151,10787,3,UVプロテクトミルク SPF50+ is okay but nothing special for the price. I expected more based on the reviews.,2025-04-06,0
94,44,43,10147,4,プレゼント用にヘアフレグランス シルキーフローラルを購入しました。パッケージもおしゃれで喜んでもらえました。自分用にも欲しくなりました。,2025-06-25,0
95,12,72,10271,4,マットリップ ベルベットルージュは全体的に満足しています。発色も持ちも良いです。欲を言えばもう2色くらいカラーバリエーションがあると嬉しいですね。ブルベ冬向けのカラーも出してほしいです。,2025-08-11,11
96,44,162,10687,5,ヘアフレグランス シルキーフローラルの香りが本当に素晴らしいです。トップからラストまでの変化が美しく、つけるたびに幸せな気持ちになれます。周りからも「良い香りだね」と褒められます。特別な日のために購入しましたが、毎日つけたくなるくらい気に入りました。,2025-10-14,5
97,23,120,10396,4,夫と一緒に集中補修トリートメントを使っています。家族で使えるのが良いですね。コスパも悪くないと思います。,2026-02-25,19
98,2,49,10879,5,I absolutely love ディープモイスト乳液! Been using it for 3 months and my skin has never looked better. The texture is light and absorbs quickly. Highly recommend for anyone with sensitive skin. Will definitely repurchase!,2025-06-23,0
99,3,173,10965,3,ビタミンC美容液 ピュアドロップ、使い心地は良いのですが値段を考えるとドラッグストアの商品でも良いかなと思ってしまいます。,2025-12-10,14
100,41,194,10438,4,ボディミスト サクラブルーム、香り自体はとても好みです。ただ持続時間が3時間くらいしかないのが残念。つけ直し前提で使っています。,2025-08-01,27
101,33,149,10237,4,リラックスバスソルト ラベンダーは保湿力◎。ただ、チューブタイプなので最後の方が出しにくい。ポンプ式があれば嬉しいです。,2025-08-23,10
102,17,178,10366,3,アイブロウペンシル ナチュラルフィット、色味は好みですがモチがイマイチかも。昼過ぎには結構よれてしまいます。ティッシュオフしてからつけると少しマシになりました。,2026-03-10,0
103,1,44,10770,2,薬用モイスチャーローション、値段の割に量が少なすぎます。1ヶ月持たないのは正直コスパが悪いと感じました。,2025-08-26,0
104,17,44,10058,3,SNSのレビューを見て買いましたが、アイブロウペンシル ナチュラルフィットは期待ほどではなかったです。普通に使えるけど、値段なりかなという印象。,2026-02-03,8
105,2,99,10816,2,ディープモイスト乳液の品質自体は悪くないと思うのですが、配送に問題がありました。注文から届くまで10日以上かかり、箱もかなり潰れた状態で届きました。中身に問題はなかったですが、もう少し丁寧に扱ってほしいです。商品自体は星4つの価値があると思いますが、配送のマイナスで星2です。,2026-03-05,44
106,28,160,10003,4,頭皮エッセンス スカルプリバイブ、洗い上がりはとても良いです。髪がきしまず、しっとりまとまります。ただ、ボトルが最後まで使いにくい形状で中身が出にくくなるのが難点です。,2025-07-09,40
107,4,98,10074,4,オーガニッククレンジングオイルはかなり良い商品だと思います。保湿力は申し分なく、使用感も好みです。ただ、ポンプ式だとさらに使いやすいかなと思いました。キャップを毎回開け閉めするのがちょっと面倒です。それ以外は満足しています。,2025-07-13,17
108,37,71,10130,2,期待して買ったネイルオイル フラワーエッセンスですが、思ったよりベタつきが残ります。塗った後しばらく服が着られないのがストレス。,2026-03-03,0
109,1,36,10846,4,薬用モイスチャーローション、星4つです。効果は確かに感じますが、香りがもう少し控えめだと個人的には嬉しいです。機能面では文句なしです。,2026-03-03,16
110,26,11,10276,5,カラーケアコンディショナーの香りが大好きです。洗っている間も、乾かした後も、翌朝もふんわり良い香りが続きます。もちろん髪の仕上がりも◎です。,2026-03-14,17
111,12,58,10988,5,イエベ秋の私にぴったりのカラーでした。マットリップ ベルベットルージュのおかげで毎日のメイクが楽しくなっています。崩れにくさも優秀です。,2026-01-13,13
112,9,108,10329,4,混合肌ですがオーガニック保湿ミストは問題なく使えています。Tゾーンがテカリやすいのですが、こちらを使った後はサラッとした仕上がりで気に入っています。もう少し量が多いとコスパ的に嬉しいです。,2025-10-09,11
113,5,64,10464,2,UVプロテクトミルク SPF50+、値段の割に量が少なすぎます。1ヶ月持たないのは正直コスパが悪いと感じました。,2026-01-08,1
114,31,186,10968,1,ボディスクラブ ソルト＆シトラス、使用期限が1ヶ月後のものが届きました。品質管理を見直してください。,2025-11-25,45
115,20,61,10954,3,フィニッシングパウダー シルキーベール、色味は好みですがモチがイマイチかも。昼過ぎには結構よれてしまいます。ティッシュオフしてからつけると少しマシになりました。,2026-02-09,49
116,10,179,10804,4,混合肌ですがナイトリペアオイルは問題なく使えています。Tゾーンがテカリやすいのですが、こちらを使った後はサラッとした仕上がりで気に入っています。もう少し量が多いとコスパ的に嬉しいです。,2025-12-08,6
117,43,127,10670,4,プレゼント用にルームフレグランス ホワイトティーを購入しました。パッケージもおしゃれで喜んでもらえました。自分用にも欲しくなりました。,2025-04-22,0
118,3,16,10116,5,ビタミンC美容液 ピュアドロップ、大満足です。30代になってから肌の乾燥が気になり始めて色々試しましたが、これが一番合いました。ベタつかないのにしっかり潤うテクスチャーがお気に入りです。,2025-11-16,50
119,40,7,10620,3,オードトワレ シトラスブリーズ、店頭で試した時は良い香りだと思ったのですが、自分の肌につけると少し違う印象になりました。体温で香りが変化するのは仕方ないですが、ちょっと残念。,2026-02-18,31
120,20,2,10182,2,フィニッシングパウダー シルキーベールのカラーが写真と全然違いました。画面で見たピンクベージュを期待していたのに、実物はかなりオレンジ寄り。色味の再現性をもう少し正確にしてほしいです。返品したかったのですが開封済みは返品不可とのことで残念です。,2025-06-25,19
121,9,118,10511,4,混合肌ですがオーガニック保湿ミストは問題なく使えています。Tゾーンがテカリやすいのですが、こちらを使った後はサラッとした仕上がりで気に入っています。もう少し量が多いとコスパ的に嬉しいです。,2025-06-12,0
122,7,195,10103,2,エイジングケアクリーム リッチ、値段の割に量が少なすぎます。1ヶ月持たないのは正直コスパが悪いと感じました。,2025-07-20,0
123,33,110,10446,4,リラックスバスソルト ラベンダーは保湿力◎。ただ、チューブタイプなので最後の方が出しにくい。ポンプ式があれば嬉しいです。,2025-10-12,34
124,23,115,10088,4,集中補修トリートメント、洗い上がりはとても良いです。髪がきしまず、しっとりまとまります。ただ、ボトルが最後まで使いにくい形状で中身が出にくくなるのが難点です。,2025-11-10,0
125,29,64,10667,4,子供と一緒に使えるシアバターボディクリーム。低刺激で安心。香りもきつくなくて良いです。,2026-03-17,0
126,8,188,10379,5,肌荒れがひどかった時期に皮膚科の先生に相談したら、低刺激のものを使うよう言われて毛穴すっきりクレイウォッシュにたどり着きました。使い始めて1週間で赤みが落ち着き、1ヶ月後にはほとんど気にならなくなりました。本当にありがとうございます。もっと早く出会いたかったです。,2025-10-18,6
127,50,119,10645,5,ピローミスト グッドナイトの香りが本当に素晴らしいです。トップからラストまでの変化が美しく、つけるたびに幸せな気持ちになれます。周りからも「良い香りだね」と褒められます。特別な日のために購入しましたが、毎日つけたくなるくらい気に入りました。,2026-03-02,0
128,7,123,10152,5,Best エイジングケアクリーム リッチ I've ever used. The quality of Japanese skincare is truly outstanding.,2026-01-23,0
129,12,191,10363,4,汗をかいても崩れにくいマットリップ ベルベットルージュ、夏場は本当に助かりました。冬はちょっと乾燥が気になるので保湿下地と合わせて使っています。,2025-12-28,13
130,49,190,10796,3,オーガニックリップパフューム、店頭で試した時は良い香りだと思ったのですが、自分の肌につけると少し違う印象になりました。体温で香りが変化するのは仕方ないですが、ちょっと残念。,2025-12-09,0
131,27,162,10475,5,カラーで傷みまくっていた髪がヘアミスト フローラルブーケを使い始めて2週間で見違えるようにサラサラになりました。美容師さんにも「髪の状態良くなったね」と言われて嬉しかったです。シャンプーでこんなに変わるとは思いませんでした。,2026-01-05,3
132,8,169,10261,1,毛穴すっきりクレイウォッシュを購入しましたが、届いた商品の蓋がきちんと閉まっておらず、中身が半分くらい漏れていました。すぐにカスタマーサービスに連絡しましたが、返信が来たのは5日後。交換対応はしてもらえましたが、対応の遅さに残念な気持ちになりました。商品の品質管理と顧客対応の改善をお願いします。,2025-06-17,30
133,38,6,10532,2,期待して買ったオーガニックボディオイルですが、思ったよりベタつきが残ります。塗った後しばらく服が着られないのがストレス。,2025-07-07,13
134,26,105,10094,3,カラーケアコンディショナーは可もなく不可もなく。以前使っていたシャンプーの方が自分には合っていた気がします。香りは好きです。,2025-06-05,15
135,3,199,10897,5,最高です！ビタミンC美容液 ピュアドロップのおかげで化粧ノリが全然違います。朝つけて夕方まで乾燥知らず。,2025-12-12,0
136,19,171,10344,5,I absolutely love コンシーラー カバーマジック! Been using it for 3 months and my skin has never looked better. The texture is light and absorbs quickly. Highly recommend for anyone with sensitive skin. Will definitely repurchase!,2026-02-21,0
137,33,76,10884,5,リラックスバスソルト ラベンダー、プレゼントで頂いてから気に入ってリピートしています。手荒れがひどかったのですが、これを使い始めてからかなり改善されました。,2026-01-28,9
138,48,85,10837,5,バスボム アソートセットの香りが本当に素晴らしいです。トップからラストまでの変化が美しく、つけるたびに幸せな気持ちになれます。周りからも「良い香りだね」と褒められます。特別な日のために購入しましたが、毎日つけたくなるくらい気に入りました。,2025-08-16,0
139,1,70,10477,5,最高です！薬用モイスチャーローションのおかげで化粧ノリが全然違います。朝つけて夕方まで乾燥知らず。,2025-04-05,0
140,6,142,10858,4,混合肌ですが薬用美白化粧水 ホワイトリペアは問題なく使えています。Tゾーンがテカリやすいのですが、こちらを使った後はサラッとした仕上がりで気に入っています。もう少し量が多いとコスパ的に嬉しいです。,2025-11-10,0
141,45,196,10330,5,アロマオイルセット リラクゼーションの香りが本当に素晴らしいです。トップからラストまでの変化が美しく、つけるたびに幸せな気持ちになれます。周りからも「良い香りだね」と褒められます。特別な日のために購入しましたが、毎日つけたくなるくらい気に入りました。,2026-03-17,0
142,39,28,10014,3,オードパルファム フルールドソワレ、店頭で試した時は良い香りだと思ったのですが、自分の肌につけると少し違う印象になりました。体温で香りが変化するのは仕方ないですが、ちょっと残念。,2025-05-27,0
143,6,197,10941,5,肌荒れがひどかった時期に皮膚科の先生に相談したら、低刺激のものを使うよう言われて薬用美白化粧水 ホワイトリペアにたどり着きました。使い始めて1週間で赤みが落ち着き、1ヶ月後にはほとんど気にならなくなりました。本当にありがとうございます。もっと早く出会いたかったです。,2025-06-21,10
144,22,128,10531,3,オーガニックシャンプー ハーバルブリーズは可もなく不可もなく。以前使っていたシャンプーの方が自分には合っていた気がします。香りは好きです。,2025-04-20,0
145,23,30,10342,2,集中補修トリートメントを使い始めてからフケが増えた気がします。成分が合わなかったのかもしれません。1週間で使用を中止しました。,2025-10-28,0
146,3,57,10734,3,ビタミンC美容液 ピュアドロップ is okay but nothing special for the price. I expected more based on the reviews.,2026-01-21,19
147,4,169,10261,5,オーガニッククレンジングオイル、大満足です。30代になってから肌の乾燥が気になり始めて色々試しましたが、これが一番合いました。ベタつかないのにしっかり潤うテクスチャーがお気に入りです。,2025-04-06,0
148,27,178,10165,5,カラーで傷みまくっていた髪がヘアミスト フローラルブーケを使い始めて2週間で見違えるようにサラサラになりました。美容師さんにも「髪の状態良くなったね」と言われて嬉しかったです。シャンプーでこんなに変わるとは思いませんでした。,2025-05-04,0
149,29,44,10460,3,シアバターボディクリーム、悪くないけど保湿力は普通かな。もう少しこっくりしたテクスチャーの方が冬場には良いかも。夏向きだと思います。,2025-09-05,0
150,50,73,10883,5,ピローミスト グッドナイトはふんわり香る程度なのでオフィスでも使いやすいです。香りの持続時間も長すぎず短すぎずちょうど良い。,2025-07-21,12
151,3,164,10986,3,ビタミンC美容液 ピュアドロップを1本使い切りました。可もなく不可もなくという印象です。悪くはないのですが、期待していたほどの効果は感じられませんでした。リピートするかどうかは迷い中です。他の商品も試してみてから判断したいと思います。,2025-08-21,10
152,3,196,10731,4,混合肌ですがビタミンC美容液 ピュアドロップは問題なく使えています。Tゾーンがテカリやすいのですが、こちらを使った後はサラッとした仕上がりで気に入っています。もう少し量が多いとコスパ的に嬉しいです。,2025-11-16,0
153,1,165,10845,5,もう3本目のリピートです。薬用モイスチャーローションは本当に手放せないアイテムになりました。朝晩使っていますが、肌の調子がずっと安定しています。特に冬場の乾燥する時期でもしっかり潤いをキープしてくれるので助かっています。敏感肌の私でも全く刺激がなく、安心して使い続けられます。値段もこの品質なら十分納得です。友人にもおすすめしたら、みんな気に入ってくれました。,2026-03-17,16
154,11,75,10676,3,リキッドファンデーション シルクフィット、色味は好みですがモチがイマイチかも。昼過ぎには結構よれてしまいます。ティッシュオフしてからつけると少しマシになりました。,2026-01-22,0
155,45,52,10887,3,アロマオイルセット リラクゼーション、店頭で試した時は良い香りだと思ったのですが、自分の肌につけると少し違う印象になりました。体温で香りが変化するのは仕方ないですが、ちょっと残念。,2025-08-22,38
156,14,149,10564,1,ロングラッシュマスカラを使ったら肌がかぶれてしまいました。皮膚科に行くことになりました。成分表示をもっとわかりやすくしてほしいです。,2025-08-15,17
157,15,191,10977,5,クッションファンデ エアリーカバーは発色が本当にきれいで、つけるたびにテンションが上がります。パッケージもおしゃれで持ち歩くのが楽しいです。リピート確定！,2026-03-09,38
158,6,15,10086,5,薬用美白化粧水 ホワイトリペアを使い始めて2ヶ月経ちました。肌のキメが整ってきたのを実感しています。テクスチャーも好みで、毎日のスキンケアが楽しくなりました。,2025-11-28,0
159,8,56,10572,2,敏感肌向けと書いてあったので毛穴すっきりクレイウォッシュを購入しましたが、私には合いませんでした。塗った直後にピリピリとした刺激を感じ、翌日赤みが出てしまいました。成分を確認したらエタノールが入っていたので、アルコールに弱い方は注意が必要です。,2026-03-03,12
160,30,57,10238,5,ハンドクリーム ローズ＆ハニー、プレゼントで頂いてから気に入ってリピートしています。手荒れがひどかったのですが、これを使い始めてからかなり改善されました。,2026-01-15,45
161,22,142,10200,5,カラーで傷みまくっていた髪がオーガニックシャンプー ハーバルブリーズを使い始めて2週間で見違えるようにサラサラになりました。美容師さんにも「髪の状態良くなったね」と言われて嬉しかったです。シャンプーでこんなに変わるとは思いませんでした。,2025-10-21,0
162,3,86,10855,3,ビタミンC美容液 ピュアドロップを1本使い切りました。可もなく不可もなくという印象です。悪くはないのですが、期待していたほどの効果は感じられませんでした。リピートするかどうかは迷い中です。他の商品も試してみてから判断したいと思います。,2025-04-03,0
163,5,42,10605,5,UVプロテクトミルク SPF50+、大満足です。30代になってから肌の乾燥が気になり始めて色々試しましたが、これが一番合いました。ベタつかないのにしっかり潤うテクスチャーがお気に入りです。,2025-10-17,7
164,34,142,10280,4,ボディミルク うるおいヴェールは保湿力◎。ただ、チューブタイプなので最後の方が出しにくい。ポンプ式があれば嬉しいです。,2025-11-26,47
165,31,182,10913,3,ボディスクラブ ソルト＆シトラス、悪くないけど保湿力は普通かな。もう少しこっくりしたテクスチャーの方が冬場には良いかも。夏向きだと思います。,2026-03-10,12
166,4,139,10432,3,普通かな。オーガニッククレンジングオイルはSNSで話題になっていたので購入しましたが、私の肌には特別な変化はありませんでした。悪くはないけど感動もない感じ。,2025-05-05,9
167,25,30,10750,5,スカルプケアシャンプー メンズの香りが大好きです。洗っている間も、乾かした後も、翌朝もふんわり良い香りが続きます。もちろん髪の仕上がりも◎です。,2026-01-19,32
168,6,28,10666,3,薬用美白化粧水 ホワイトリペアを1本使い切りました。可もなく不可もなくという印象です。悪くはないのですが、期待していたほどの効果は感じられませんでした。リピートするかどうかは迷い中です。他の商品も試してみてから判断したいと思います。,2025-08-15,8
169,21,27,10450,4,夫と一緒にダメージリペアシャンプーを使っています。家族で使えるのが良いですね。コスパも悪くないと思います。,2025-08-27,0
170,16,16,10326,4,リップティント ジューシーグロウ works well for my skin type. Shipping to Singapore was fast too. Would buy again.,2025-11-03,20
171,6,54,10790,4,友人からのプレゼントで薬用美白化粧水 ホワイトリペアを使い始めました。自分では選ばなかったかもしれませんが、使ってみたら想像以上に良かったです。肌なじみが良くてお気に入りになりました。,2025-09-10,0
172,12,1,10726,3,マットリップ ベルベットルージュ、色味は好みですがモチがイマイチかも。昼過ぎには結構よれてしまいます。ティッシュオフしてからつけると少しマシになりました。,2026-01-04,26
173,17,130,10197,5,アイブロウペンシル ナチュラルフィット、もう手放せません！カバー力があるのに厚塗り感ゼロで、まるで素肌がきれいになったみたい。朝つけて夕方までヨレないのも最高です。ファンデジプシーだった私の旅がようやく終わりました。,2025-11-03,0
174,34,191,10702,3,ボディミルク うるおいヴェール、悪くないけど保湿力は普通かな。もう少しこっくりしたテクスチャーの方が冬場には良いかも。夏向きだと思います。,2025-04-10,0
175,30,18,10607,4,ハンドクリーム ローズ＆ハニーは保湿力◎。ただ、チューブタイプなので最後の方が出しにくい。ポンプ式があれば嬉しいです。,2025-11-09,42
176,13,61,10251,2,アイシャドウパレット トワイライトのカラーが写真と全然違いました。画面で見たピンクベージュを期待していたのに、実物はかなりオレンジ寄り。色味の再現性をもう少し正確にしてほしいです。返品したかったのですが開封済みは返品不可とのことで残念です。,2025-05-26,0
177,7,105,10094,4,エイジングケアクリーム リッチはかなり良い商品だと思います。保湿力は申し分なく、使用感も好みです。ただ、ポンプ式だとさらに使いやすいかなと思いました。キャップを毎回開け閉めするのがちょっと面倒です。それ以外は満足しています。,2026-01-21,18
178,5,19,10526,3,UVプロテクトミルク SPF50+、使い心地は良いのですが値段を考えるとドラッグストアの商品でも良いかなと思ってしまいます。,2025-11-09,0
179,23,101,10575,4,夫と一緒に集中補修トリートメントを使っています。家族で使えるのが良いですね。コスパも悪くないと思います。,2025-05-04,33
180,36,40,10483,5,冬場のカサカサ肌にリップバーム シアモイストが手放せません。お風呂上がりに全身に塗ると翌朝までしっとりが続きます。香りも癒されます。もう5本はリピートしています。コスパも最高です。,2025-08-01,3
181,6,7,10620,4,友人からのプレゼントで薬用美白化粧水 ホワイトリペアを使い始めました。自分では選ばなかったかもしれませんが、使ってみたら想像以上に良かったです。肌なじみが良くてお気に入りになりました。,2025-09-04,7
182,17,171,10878,4,アイブロウペンシル ナチュラルフィットは全体的に満足しています。発色も持ちも良いです。欲を言えばもう2色くらいカラーバリエーションがあると嬉しいですね。ブルベ冬向けのカラーも出してほしいです。,2025-11-27,0
183,30,61,10954,2,期待して買ったハンドクリーム ローズ＆ハニーですが、思ったよりベタつきが残ります。塗った後しばらく服が着られないのがストレス。,2025-05-01,0
184,14,17,10915,5,ロングラッシュマスカラ、もう手放せません！カバー力があるのに厚塗り感ゼロで、まるで素肌がきれいになったみたい。朝つけて夕方までヨレないのも最高です。ファンデジプシーだった私の旅がようやく終わりました。,2025-12-18,3
185,48,1,10951,3,バスボム アソートセット、店頭で試した時は良い香りだと思ったのですが、自分の肌につけると少し違う印象になりました。体温で香りが変化するのは仕方ないですが、ちょっと残念。,2025-11-07,0
186,32,125,10160,4,薬用デオドラントボディソープは保湿力◎。ただ、チューブタイプなので最後の方が出しにくい。ポンプ式があれば嬉しいです。,2026-02-09,0
187,6,180,10973,2,敏感肌向けと書いてあったので薬用美白化粧水 ホワイトリペアを購入しましたが、私には合いませんでした。塗った直後にピリピリとした刺激を感じ、翌日赤みが出てしまいました。成分を確認したらエタノールが入っていたので、アルコールに弱い方は注意が必要です。,2025-08-08,0
188,24,100,10586,3,ヘアオイル ゴールデンシルクは可もなく不可もなく。以前使っていたシャンプーの方が自分には合っていた気がします。香りは好きです。,2025-11-11,5
189,31,10,10514,4,子供と一緒に使えるボディスクラブ ソルト＆シトラス。低刺激で安心。香りもきつくなくて良いです。,2025-05-23,0
190,24,87,10772,3,ヘアオイル ゴールデンシルクは可もなく不可もなく。以前使っていたシャンプーの方が自分には合っていた気がします。香りは好きです。,2025-10-20,0
191,23,95,10890,3,集中補修トリートメントは可もなく不可もなく。以前使っていたシャンプーの方が自分には合っていた気がします。香りは好きです。,2025-07-03,6
192,5,56,10372,4,UVプロテクトミルク SPF50+、星4つです。効果は確かに感じますが、香りがもう少し控えめだと個人的には嬉しいです。機能面では文句なしです。,2025-07-01,39
193,5,44,10058,2,敏感肌向けと書いてあったのでUVプロテクトミルク SPF50+を購入しましたが、私には合いませんでした。塗った直後にピリピリとした刺激を感じ、翌日赤みが出てしまいました。成分を確認したらエタノールが入っていたので、アルコールに弱い方は注意が必要です。,2025-08-16,0
194,45,127,10670,4,プレゼント用にアロマオイルセット リラクゼーションを購入しました。パッケージもおしゃれで喜んでもらえました。自分用にも欲しくなりました。,2025-05-17,0
195,16,51,10017,3,SNSのレビューを見て買いましたが、リップティント ジューシーグロウは期待ほどではなかったです。普通に使えるけど、値段なりかなという印象。,2025-11-28,3
196,11,186,10433,3,SNSのレビューを見て買いましたが、リキッドファンデーション シルクフィットは期待ほどではなかったです。普通に使えるけど、値段なりかなという印象。,2026-03-17,18
197,30,180,10863,5,ハンドクリーム ローズ＆ハニー、プレゼントで頂いてから気に入ってリピートしています。手荒れがひどかったのですが、これを使い始めてからかなり改善されました。,2026-03-14,0
198,5,68,10629,3,UVプロテクトミルク SPF50+、使い心地は良いのですが値段を考えるとドラッグストアの商品でも良いかなと思ってしまいます。,2025-07-15,7
199,21,154,10638,4,ダメージリペアシャンプー、洗い上がりはとても良いです。髪がきしまず、しっとりまとまります。ただ、ボトルが最後まで使いにくい形状で中身が出にくくなるのが難点です。,2025-05-02,12
200,49,121,10709,4,プレゼント用にオーガニックリップパフュームを購入しました。パッケージもおしゃれで喜んでもらえました。自分用にも欲しくなりました。,2025-12-13,0
201,15,180,10183,4,汗をかいても崩れにくいクッションファンデ エアリーカバー、夏場は本当に助かりました。冬はちょっと乾燥が気になるので保湿下地と合わせて使っています。,2025-08-07,11
202,33,58,10988,5,リラックスバスソルト ラベンダー、プレゼントで頂いてから気に入ってリピートしています。手荒れがひどかったのですが、これを使い始めてからかなり改善されました。,2025-09-12,23
203,43,86,10855,5,ルームフレグランス ホワイトティーの香りが本当に素晴らしいです。トップからラストまでの変化が美しく、つけるたびに幸せな気持ちになれます。周りからも「良い香りだね」と褒められます。特別な日のために購入しましたが、毎日つけたくなるくらい気に入りました。,2026-01-21,0
204,21,125,10503,3,ダメージリペアシャンプーは可もなく不可もなく。以前使っていたシャンプーの方が自分には合っていた気がします。香りは好きです。,2025-10-08,44
205,26,68,10874,3,カラーケアコンディショナーは可もなく不可もなく。以前使っていたシャンプーの方が自分には合っていた気がします。香りは好きです。,2025-04-08,0
206,30,78,10243,3,ハンドクリーム ローズ＆ハニー、悪くないけど保湿力は普通かな。もう少しこっくりしたテクスチャーの方が冬場には良いかも。夏向きだと思います。,2025-07-23,45
207,34,93,10683,4,ボディミルク うるおいヴェールは保湿力◎。ただ、チューブタイプなので最後の方が出しにくい。ポンプ式があれば嬉しいです。,2025-06-16,13
208,11,90,10519,3,リキッドファンデーション シルクフィット、色味は好みですがモチがイマイチかも。昼過ぎには結構よれてしまいます。ティッシュオフしてからつけると少しマシになりました。,2025-11-22,18
209,16,154,10228,5,リップティント ジューシーグロウは発色が本当にきれいで、つけるたびにテンションが上がります。パッケージもおしゃれで持ち歩くのが楽しいです。リピート確定！,2025-10-09,6
210,3,54,10790,3,普通かな。ビタミンC美容液 ピュアドロップはSNSで話題になっていたので購入しましたが、私の肌には特別な変化はありませんでした。悪くはないけど感動もない感じ。,2025-12-04,0
211,6,93,10583,5,薬用美白化粧水 ホワイトリペア、大満足です。30代になってから肌の乾燥が気になり始めて色々試しましたが、これが一番合いました。ベタつかないのにしっかり潤うテクスチャーがお気に入りです。,2025-10-28,0
212,13,58,10821,4,汗をかいても崩れにくいアイシャドウパレット トワイライト、夏場は本当に助かりました。冬はちょっと乾燥が気になるので保湿下地と合わせて使っています。,2026-02-18,0
213,11,16,10216,5,リキッドファンデーション シルクフィット、もう手放せません！カバー力があるのに厚塗り感ゼロで、まるで素肌がきれいになったみたい。朝つけて夕方までヨレないのも最高です。ファンデジプシーだった私の旅がようやく終わりました。,2025-06-07,34
214,15,93,10394,4,クッションファンデ エアリーカバーは全体的に満足しています。発色も持ちも良いです。欲を言えばもう2色くらいカラーバリエーションがあると嬉しいですね。ブルベ冬向けのカラーも出してほしいです。,2025-10-09,16
215,15,52,10618,5,クッションファンデ エアリーカバーは発色が本当にきれいで、つけるたびにテンションが上がります。パッケージもおしゃれで持ち歩くのが楽しいです。リピート確定！,2026-03-17,11
216,5,175,10694,5,肌荒れがひどかった時期に皮膚科の先生に相談したら、低刺激のものを使うよう言われてUVプロテクトミルク SPF50+にたどり着きました。使い始めて1週間で赤みが落ち着き、1ヶ月後にはほとんど気にならなくなりました。本当にありがとうございます。もっと早く出会いたかったです。,2025-10-11,13
217,50,46,10226,4,ピローミスト グッドナイト、香り自体はとても好みです。ただ持続時間が3時間くらいしかないのが残念。つけ直し前提で使っています。,2026-01-02,4
218,11,26,10541,2,リキッドファンデーション シルクフィットのカラーが写真と全然違いました。画面で見たピンクベージュを期待していたのに、実物はかなりオレンジ寄り。色味の再現性をもう少し正確にしてほしいです。返品したかったのですが開封済みは返品不可とのことで残念です。,2025-07-06,0
219,10,29,10340,4,ナイトリペアオイル、星4つです。効果は確かに感じますが、香りがもう少し控えめだと個人的には嬉しいです。機能面では文句なしです。,2025-10-01,4
220,20,68,10185,1,フィニッシングパウダー シルキーベールを使ったら肌がかぶれてしまいました。皮膚科に行くことになりました。成分表示をもっとわかりやすくしてほしいです。,2025-06-22,0
221,45,130,10826,5,アロマオイルセット リラクゼーションの香りが本当に素晴らしいです。トップからラストまでの変化が美しく、つけるたびに幸せな気持ちになれます。周りからも「良い香りだね」と褒められます。特別な日のために購入しましたが、毎日つけたくなるくらい気に入りました。,2025-04-18,29
222,50,107,10258,3,ピローミスト グッドナイト、店頭で試した時は良い香りだと思ったのですが、自分の肌につけると少し違う印象になりました。体温で香りが変化するのは仕方ないですが、ちょっと残念。,2025-05-05,0
223,11,174,10631,5,イエベ秋の私にぴったりのカラーでした。リキッドファンデーション シルクフィットのおかげで毎日のメイクが楽しくなっています。崩れにくさも優秀です。,2025-08-15,17
224,3,89,10029,5,ビタミンC美容液 ピュアドロップ、大満足です。30代になってから肌の乾燥が気になり始めて色々試しましたが、これが一番合いました。ベタつかないのにしっかり潤うテクスチャーがお気に入りです。,2025-11-09,0
225,3,186,10968,4,友人からのプレゼントでビタミンC美容液 ピュアドロップを使い始めました。自分では選ばなかったかもしれませんが、使ってみたら想像以上に良かったです。肌なじみが良くてお気に入りになりました。,2025-06-09,0
226,41,43,10147,4,ボディミスト サクラブルーム、香り自体はとても好みです。ただ持続時間が3時間くらいしかないのが残念。つけ直し前提で使っています。,2025-09-19,6
227,46,85,10068,5,パフュームハンドクリーム ムスクの香りが本当に素晴らしいです。トップからラストまでの変化が美しく、つけるたびに幸せな気持ちになれます。周りからも「良い香りだね」と褒められます。特別な日のために購入しましたが、毎日つけたくなるくらい気に入りました。,2025-06-14,14
228,15,155,10922,5,クッションファンデ エアリーカバーは発色が本当にきれいで、つけるたびにテンションが上がります。パッケージもおしゃれで持ち歩くのが楽しいです。リピート確定！,2025-07-28,4
229,9,29,10935,5,最高です！オーガニック保湿ミストのおかげで化粧ノリが全然違います。朝つけて夕方まで乾燥知らず。,2025-12-04,0
230,26,139,10432,1,蓋が取れた状態で届きました。カラーケアコンディショナーの中身がダンボールに染み出していて最悪。すぐに交換を依頼しましたが返品送料がかかると言われ、納得できません。,2025-07-10,0
231,29,62,10500,4,シアバターボディクリームは保湿力◎。ただ、チューブタイプなので最後の方が出しにくい。ポンプ式があれば嬉しいです。,2025-11-28,0
232,3,75,10676,2,ビタミンC美容液 ピュアドロップ、値段の割に量が少なすぎます。1ヶ月持たないのは正直コスパが悪いと感じました。,2025-08-19,16
233,13,79,10873,5,イエベ秋の私にぴったりのカラーでした。アイシャドウパレット トワイライトのおかげで毎日のメイクが楽しくなっています。崩れにくさも優秀です。,2025-04-18,35
234,31,109,10122,3,ボディスクラブ ソルト＆シトラス、悪くないけど保湿力は普通かな。もう少しこっくりしたテクスチャーの方が冬場には良いかも。夏向きだと思います。,2025-11-11,47
235,44,28,10142,4,ヘアフレグランス シルキーフローラル、香り自体はとても好みです。ただ持続時間が3時間くらいしかないのが残念。つけ直し前提で使っています。,2025-10-25,0
236,22,17,10174,4,夫と一緒にオーガニックシャンプー ハーバルブリーズを使っています。家族で使えるのが良いですね。コスパも悪くないと思います。,2025-08-13,12
237,27,158,10030,3,ヘアミスト フローラルブーケは可もなく不可もなく。以前使っていたシャンプーの方が自分には合っていた気がします。香りは好きです。,2025-08-14,42
238,41,191,10977,3,ボディミスト サクラブルーム、店頭で試した時は良い香りだと思ったのですが、自分の肌につけると少し違う印象になりました。体温で香りが変化するのは仕方ないですが、ちょっと残念。,2025-08-07,17
239,2,197,10482,5,肌荒れがひどかった時期に皮膚科の先生に相談したら、低刺激のものを使うよう言われてディープモイスト乳液にたどり着きました。使い始めて1週間で赤みが落ち着き、1ヶ月後にはほとんど気にならなくなりました。本当にありがとうございます。もっと早く出会いたかったです。,2025-07-20,23
240,36,36,10846,3,リップバーム シアモイスト、悪くないけど保湿力は普通かな。もう少しこっくりしたテクスチャーの方が冬場には良いかも。夏向きだと思います。,2025-06-07,2
241,14,83,10425,4,ロングラッシュマスカラは全体的に満足しています。発色も持ちも良いです。欲を言えばもう2色くらいカラーバリエーションがあると嬉しいですね。ブルベ冬向けのカラーも出してほしいです。,2025-06-25,19
242,29,47,10803,5,シアバターボディクリーム、プレゼントで頂いてから気に入ってリピートしています。手荒れがひどかったのですが、これを使い始めてからかなり改善されました。,2025-11-02,0
243,39,73,10306,2,オードパルファム フルールドソワレの香りが強すぎて酔ってしまいました。もう少し控えめだと良いのですが。開封してしまったので返品できず…。,2025-09-18,0
244,30,115,10456,5,冬場のカサカサ肌にハンドクリーム ローズ＆ハニーが手放せません。お風呂上がりに全身に塗ると翌朝までしっとりが続きます。香りも癒されます。もう5本はリピートしています。コスパも最高です。,2026-02-14,0
245,34,107,10033,1,ボディミルク うるおいヴェール、使用期限が1ヶ月後のものが届きました。品質管理を見直してください。,2025-06-17,46
246,13,134,10600,5,イエベ秋の私にぴったりのカラーでした。アイシャドウパレット トワイライトのおかげで毎日のメイクが楽しくなっています。崩れにくさも優秀です。,2025-09-08,43
247,13,113,10445,4,汗をかいても崩れにくいアイシャドウパレット トワイライト、夏場は本当に助かりました。冬はちょっと乾燥が気になるので保湿下地と合わせて使っています。,2025-09-07,15
248,33,197,10941,2,期待して買ったリラックスバスソルト ラベンダーですが、思ったよりベタつきが残ります。塗った後しばらく服が着られないのがストレス。,2025-09-22,18
249,26,51,10754,2,カラーケアコンディショナーを使い始めてからフケが増えた気がします。成分が合わなかったのかもしれません。1週間で使用を中止しました。,2025-12-22,21
250,23,3,10178,5,集中補修トリートメントの香りが大好きです。洗っている間も、乾かした後も、翌朝もふんわり良い香りが続きます。もちろん髪の仕上がりも◎です。,2025-07-04,34
251,12,51,10938,3,SNSのレビューを見て買いましたが、マットリップ ベルベットルージュは期待ほどではなかったです。普通に使えるけど、値段なりかなという印象。,2026-02-02,0
252,11,151,10501,3,リキッドファンデーション シルクフィット、色味は好みですがモチがイマイチかも。昼過ぎには結構よれてしまいます。ティッシュオフしてからつけると少しマシになりました。,2025-06-02,12
253,2,59,10896,4,混合肌ですがディープモイスト乳液は問題なく使えています。Tゾーンがテカリやすいのですが、こちらを使った後はサラッとした仕上がりで気に入っています。もう少し量が多いとコスパ的に嬉しいです。,2026-02-04,0
254,31,151,10501,5,冬場のカサカサ肌にボディスクラブ ソルト＆シトラスが手放せません。お風呂上がりに全身に塗ると翌朝までしっとりが続きます。香りも癒されます。もう5本はリピートしています。コスパも最高です。,2026-02-06,0
255,20,102,10403,2,フィニッシングパウダー シルキーベールのカラーが写真と全然違いました。画面で見たピンクベージュを期待していたのに、実物はかなりオレンジ寄り。色味の再現性をもう少し正確にしてほしいです。返品したかったのですが開封済みは返品不可とのことで残念です。,2026-02-06,0
256,15,78,10243,5,イエベ秋の私にぴったりのカラーでした。クッションファンデ エアリーカバーのおかげで毎日のメイクが楽しくなっています。崩れにくさも優秀です。,2025-12-08,18
257,41,87,10027,4,ボディミスト サクラブルーム、香り自体はとても好みです。ただ持続時間が3時間くらいしかないのが残念。つけ直し前提で使っています。,2026-01-13,27
258,42,123,10822,4,プレゼント用に練り香水 ウッディアンバーを購入しました。パッケージもおしゃれで喜んでもらえました。自分用にも欲しくなりました。,2025-10-21,5
259,41,64,10975,4,プレゼント用にボディミスト サクラブルームを購入しました。パッケージもおしゃれで喜んでもらえました。自分用にも欲しくなりました。,2025-10-01,37
260,43,64,10937,2,ルームフレグランス ホワイトティーの香りが強すぎて酔ってしまいました。もう少し控えめだと良いのですが。開封してしまったので返品できず…。,2025-05-16,19
261,1,81,10579,3,薬用モイスチャーローションを1本使い切りました。可もなく不可もなくという印象です。悪くはないのですが、期待していたほどの効果は感じられませんでした。リピートするかどうかは迷い中です。他の商品も試してみてから判断したいと思います。,2025-07-19,15
262,6,10,10091,4,薬用美白化粧水 ホワイトリペア、星4つです。効果は確かに感じますが、香りがもう少し控えめだと個人的には嬉しいです。機能面では文句なしです。,2026-01-01,29
263,5,130,10073,1,UVプロテクトミルク SPF50+を購入しましたが、届いた商品の蓋がきちんと閉まっておらず、中身が半分くらい漏れていました。すぐにカスタマーサービスに連絡しましたが、返信が来たのは5日後。交換対応はしてもらえましたが、対応の遅さに残念な気持ちになりました。商品の品質管理と顧客対応の改善をお願いします。,2025-04-12,37
264,2,196,10330,1,ディープモイスト乳液を購入しましたが、届いた商品の蓋がきちんと閉まっておらず、中身が半分くらい漏れていました。すぐにカスタマーサービスに連絡しましたが、返信が来たのは5日後。交換対応はしてもらえましたが、対応の遅さに残念な気持ちになりました。商品の品質管理と顧客対応の改善をお願いします。,2025-06-13,11
265,22,27,10740,3,オーガニックシャンプー ハーバルブリーズは可もなく不可もなく。以前使っていたシャンプーの方が自分には合っていた気がします。香りは好きです。,2026-02-13,37
266,23,54,10790,4,夫と一緒に集中補修トリートメントを使っています。家族で使えるのが良いですね。コスパも悪くないと思います。,2025-06-26,0
267,29,161,10933,4,子供と一緒に使えるシアバターボディクリーム。低刺激で安心。香りもきつくなくて良いです。,2025-06-28,0
268,16,70,10900,2,リップティント ジューシーグロウのカラーが写真と全然違いました。画面で見たピンクベージュを期待していたのに、実物はかなりオレンジ寄り。色味の再現性をもう少し正確にしてほしいです。返品したかったのですが開封済みは返品不可とのことで残念です。,2025-04-02,0
269,42,3,10907,4,プレゼント用に練り香水 ウッディアンバーを購入しました。パッケージもおしゃれで喜んでもらえました。自分用にも欲しくなりました。,2025-12-22,9
270,29,196,10139,4,シアバターボディクリームは保湿力◎。ただ、チューブタイプなので最後の方が出しにくい。ポンプ式があれば嬉しいです。,2025-07-26,6
271,5,191,10721,4,UVプロテクトミルク SPF50+整体不错，质地清爽不油腻。就是瓶子的设计不太方便，每次都要倒很久才能倒出来。,2025-09-15,8
272,26,140,10124,5,カラーケアコンディショナーの香りが大好きです。洗っている間も、乾かした後も、翌朝もふんわり良い香りが続きます。もちろん髪の仕上がりも◎です。,2026-02-18,0
273,49,73,10876,5,オーガニックリップパフュームはふんわり香る程度なのでオフィスでも使いやすいです。香りの持続時間も長すぎず短すぎずちょうど良い。,2026-03-17,6
274,35,196,10330,4,フットクリーム かかとケア集中補修は保湿力◎。ただ、チューブタイプなので最後の方が出しにくい。ポンプ式があれば嬉しいです。,2025-11-28,4
275,1,16,10249,2,Disappointed with 薬用モイスチャーローション. The product leaked during shipping and I received it half empty. Customer service response was slow.,2025-12-06,0
276,21,89,10040,4,ダメージリペアシャンプー、洗い上がりはとても良いです。髪がきしまず、しっとりまとまります。ただ、ボトルが最後まで使いにくい形状で中身が出にくくなるのが難点です。,2025-12-02,2
277,15,76,10884,3,SNSのレビューを見て買いましたが、クッションファンデ エアリーカバーは期待ほどではなかったです。普通に使えるけど、値段なりかなという印象。,2025-04-19,0
278,12,1,10726,2,マットリップ ベルベットルージュのカラーが写真と全然違いました。画面で見たピンクベージュを期待していたのに、実物はかなりオレンジ寄り。色味の再現性をもう少し正確にしてほしいです。返品したかったのですが開封済みは返品不可とのことで残念です。,2025-12-21,9
279,2,87,10313,5,ディープモイスト乳液、大満足です。30代になってから肌の乾燥が気になり始めて色々試しましたが、これが一番合いました。ベタつかないのにしっかり潤うテクスチャーがお気に入りです。,2025-04-02,15
280,40,1,10726,2,オードトワレ シトラスブリーズの香りが強すぎて酔ってしまいました。もう少し控えめだと良いのですが。開封してしまったので返品できず…。,2026-02-08,43
281,31,3,10328,3,ボディスクラブ ソルト＆シトラス、悪くないけど保湿力は普通かな。もう少しこっくりしたテクスチャーの方が冬場には良いかも。夏向きだと思います。,2025-12-02,14
282,9,129,10747,3,オーガニック保湿ミスト is okay but nothing special for the price. I expected more based on the reviews.,2026-02-18,11
283,12,178,10366,5,イエベ秋の私にぴったりのカラーでした。マットリップ ベルベットルージュのおかげで毎日のメイクが楽しくなっています。崩れにくさも優秀です。,2025-05-06,0
284,8,147,10118,5,毛穴すっきりクレイウォッシュ、大満足です。30代になってから肌の乾燥が気になり始めて色々試しましたが、これが一番合いました。ベタつかないのにしっかり潤うテクスチャーがお気に入りです。,2025-08-11,42
285,25,1,10031,5,スカルプケアシャンプー メンズの香りが大好きです。洗っている間も、乾かした後も、翌朝もふんわり良い香りが続きます。もちろん髪の仕上がりも◎です。,2025-05-02,12
286,23,44,10936,5,集中補修トリートメントの香りが大好きです。洗っている間も、乾かした後も、翌朝もふんわり良い香りが続きます。もちろん髪の仕上がりも◎です。,2026-01-03,0
287,24,66,10057,1,蓋が取れた状態で届きました。ヘアオイル ゴールデンシルクの中身がダンボールに染み出していて最悪。すぐに交換を依頼しましたが返品送料がかかると言われ、納得できません。,2026-03-17,12
288,4,101,10171,4,オーガニッククレンジングオイルはかなり良い商品だと思います。保湿力は申し分なく、使用感も好みです。ただ、ポンプ式だとさらに使いやすいかなと思いました。キャップを毎回開け閉めするのがちょっと面倒です。それ以外は満足しています。,2025-09-11,8
289,8,182,10231,5,肌荒れがひどかった時期に皮膚科の先生に相談したら、低刺激のものを使うよう言われて毛穴すっきりクレイウォッシュにたどり着きました。使い始めて1週間で赤みが落ち着き、1ヶ月後にはほとんど気にならなくなりました。本当にありがとうございます。もっと早く出会いたかったです。,2026-01-19,0
290,42,123,10822,5,練り香水 ウッディアンバーの香りが本当に素晴らしいです。トップからラストまでの変化が美しく、つけるたびに幸せな気持ちになれます。周りからも「良い香りだね」と褒められます。特別な日のために購入しましたが、毎日つけたくなるくらい気に入りました。,2026-01-08,12
291,38,52,10887,2,期待して買ったオーガニックボディオイルですが、思ったよりベタつきが残ります。塗った後しばらく服が着られないのがストレス。,2025-12-22,0
292,9,48,10712,4,混合肌ですがオーガニック保湿ミストは問題なく使えています。Tゾーンがテカリやすいのですが、こちらを使った後はサラッとした仕上がりで気に入っています。もう少し量が多いとコスパ的に嬉しいです。,2025-11-14,12
293,46,191,10721,5,パフュームハンドクリーム ムスクはふんわり香る程度なのでオフィスでも使いやすいです。香りの持続時間も長すぎず短すぎずちょうど良い。,2026-01-21,0
294,36,114,10795,4,リップバーム シアモイストは保湿力◎。ただ、チューブタイプなので最後の方が出しにくい。ポンプ式があれば嬉しいです。,2025-10-06,1
295,17,154,10638,4,汗をかいても崩れにくいアイブロウペンシル ナチュラルフィット、夏場は本当に助かりました。冬はちょっと乾燥が気になるので保湿下地と合わせて使っています。,2025-05-08,15
296,7,141,10385,5,最高です！エイジングケアクリーム リッチのおかげで化粧ノリが全然違います。朝つけて夕方まで乾燥知らず。,2025-12-23,0
297,39,52,10887,3,オードパルファム フルールドソワレ、店頭で試した時は良い香りだと思ったのですが、自分の肌につけると少し違う印象になりました。体温で香りが変化するのは仕方ないですが、ちょっと残念。,2025-07-15,11
298,50,166,10208,5,ピローミスト グッドナイトはふんわり香る程度なのでオフィスでも使いやすいです。香りの持続時間も長すぎず短すぎずちょうど良い。,2025-07-12,0
299,23,154,10638,4,夫と一緒に集中補修トリートメントを使っています。家族で使えるのが良いですね。コスパも悪くないと思います。,2025-10-02,0
300,37,139,10393,4,子供と一緒に使えるネイルオイル フラワーエッセンス。低刺激で安心。香りもきつくなくて良いです。,2025-09-07,3
301,34,186,10968,3,ボディミルク うるおいヴェール、悪くないけど保湿力は普通かな。もう少しこっくりしたテクスチャーの方が冬場には良いかも。夏向きだと思います。,2025-06-10,0
302,22,171,10234,4,オーガニックシャンプー ハーバルブリーズ、洗い上がりはとても良いです。髪がきしまず、しっとりまとまります。ただ、ボトルが最後まで使いにくい形状で中身が出にくくなるのが難点です。,2025-09-16,19
303,47,198,10491,5,ファブリックミスト フレッシュリネンの香りが本当に素晴らしいです。トップからラストまでの変化が美しく、つけるたびに幸せな気持ちになれます。周りからも「良い香りだね」と褒められます。特別な日のために購入しましたが、毎日つけたくなるくらい気に入りました。,2025-04-24,9
304,15,123,10155,4,クッションファンデ エアリーカバーは全体的に満足しています。発色も持ちも良いです。欲を言えばもう2色くらいカラーバリエーションがあると嬉しいですね。ブルベ冬向けのカラーも出してほしいです。,2026-02-21,0
305,41,43,10147,4,ボディミスト サクラブルーム、香り自体はとても好みです。ただ持続時間が3時間くらいしかないのが残念。つけ直し前提で使っています。,2025-11-12,23
306,12,47,10449,4,マットリップ ベルベットルージュは全体的に満足しています。発色も持ちも良いです。欲を言えばもう2色くらいカラーバリエーションがあると嬉しいですね。ブルベ冬向けのカラーも出してほしいです。,2026-03-17,31
307,29,152,10227,5,冬場のカサカサ肌にシアバターボディクリームが手放せません。お風呂上がりに全身に塗ると翌朝までしっとりが続きます。香りも癒されます。もう5本はリピートしています。コスパも最高です。,2025-09-15,23
308,30,48,10321,5,冬場のカサカサ肌にハンドクリーム ローズ＆ハニーが手放せません。お風呂上がりに全身に塗ると翌朝までしっとりが続きます。香りも癒されます。もう5本はリピートしています。コスパも最高です。,2026-02-19,1
309,43,178,10111,4,ルームフレグランス ホワイトティー、香り自体はとても好みです。ただ持続時間が3時間くらいしかないのが残念。つけ直し前提で使っています。,2025-11-19,0
310,46,137,10680,3,パフュームハンドクリーム ムスク、店頭で試した時は良い香りだと思ったのですが、自分の肌につけると少し違う印象になりました。体温で香りが変化するのは仕方ないですが、ちょっと残念。,2025-04-22,0
311,18,95,10890,4,チーク＆リップ デュアルカラーは全体的に満足しています。発色も持ちも良いです。欲を言えばもう2色くらいカラーバリエーションがあると嬉しいですね。ブルベ冬向けのカラーも出してほしいです。,2025-12-17,10
312,13,106,10412,5,アイシャドウパレット トワイライト、もう手放せません！カバー力があるのに厚塗り感ゼロで、まるで素肌がきれいになったみたい。朝つけて夕方までヨレないのも最高です。ファンデジプシーだった私の旅がようやく終わりました。,2026-02-10,4
313,15,122,10364,4,クッションファンデ エアリーカバーは全体的に満足しています。発色も持ちも良いです。欲を言えばもう2色くらいカラーバリエーションがあると嬉しいですね。ブルベ冬向けのカラーも出してほしいです。,2025-06-12,18
314,45,71,10632,2,アロマオイルセット リラクゼーションの香りが強すぎて酔ってしまいました。もう少し控えめだと良いのですが。開封してしまったので返品できず…。,2025-09-26,23
315,18,25,10486,4,チーク＆リップ デュアルカラーは全体的に満足しています。発色も持ちも良いです。欲を言えばもう2色くらいカラーバリエーションがあると嬉しいですね。ブルベ冬向けのカラーも出してほしいです。,2025-04-18,0
316,2,35,10507,3,ディープモイスト乳液を1本使い切りました。可もなく不可もなくという印象です。悪くはないのですが、期待していたほどの効果は感じられませんでした。リピートするかどうかは迷い中です。他の商品も試してみてから判断したいと思います。,2025-06-13,18
317,24,76,10521,4,夫と一緒にヘアオイル ゴールデンシルクを使っています。家族で使えるのが良いですね。コスパも悪くないと思います。,2025-12-15,0
318,4,109,10671,3,オーガニッククレンジングオイル、使い心地は良いのですが値段を考えるとドラッグストアの商品でも良いかなと思ってしまいます。,2026-01-04,13
319,23,6,10642,5,集中補修トリートメントの香りが大好きです。洗っている間も、乾かした後も、翌朝もふんわり良い香りが続きます。もちろん髪の仕上がりも◎です。,2025-06-12,18
320,46,87,10442,2,パフュームハンドクリーム ムスクの香りが強すぎて酔ってしまいました。もう少し控えめだと良いのですが。開封してしまったので返品できず…。,2025-05-13,3
321,29,186,10433,4,子供と一緒に使えるシアバターボディクリーム。低刺激で安心。香りもきつくなくて良いです。,2026-03-17,47
322,21,161,10090,5,カラーで傷みまくっていた髪がダメージリペアシャンプーを使い始めて2週間で見違えるようにサラサラになりました。美容師さんにも「髪の状態良くなったね」と言われて嬉しかったです。シャンプーでこんなに変わるとは思いませんでした。,2025-08-23,0
323,18,32,10636,4,チーク＆リップ デュアルカラーは全体的に満足しています。発色も持ちも良いです。欲を言えばもう2色くらいカラーバリエーションがあると嬉しいですね。ブルベ冬向けのカラーも出してほしいです。,2025-05-03,22
324,2,113,10554,5,もう3本目のリピートです。ディープモイスト乳液は本当に手放せないアイテムになりました。朝晩使っていますが、肌の調子がずっと安定しています。特に冬場の乾燥する時期でもしっかり潤いをキープしてくれるので助かっています。敏感肌の私でも全く刺激がなく、安心して使い続けられます。値段もこの品質なら十分納得です。友人にもおすすめしたら、みんな気に入ってくれました。,2025-07-25,9
325,6,28,10666,1,全く効果なし。薬用美白化粧水 ホワイトリペアを2ヶ月使いましたが何も変わりませんでした。高いお金を出したのに残念です。,2026-01-03,0
326,20,40,10285,5,イエベ秋の私にぴったりのカラーでした。フィニッシングパウダー シルキーベールのおかげで毎日のメイクが楽しくなっています。崩れにくさも優秀です。,2025-10-19,25
327,1,5,10219,4,薬用モイスチャーローション、星4つです。効果は確かに感じますが、香りがもう少し控えめだと個人的には嬉しいです。機能面では文句なしです。,2025-10-13,25
328,17,155,10922,5,イエベ秋の私にぴったりのカラーでした。アイブロウペンシル ナチュラルフィットのおかげで毎日のメイクが楽しくなっています。崩れにくさも優秀です。,2025-08-22,15
329,36,32,10636,3,リップバーム シアモイスト、悪くないけど保湿力は普通かな。もう少しこっくりしたテクスチャーの方が冬場には良いかも。夏向きだと思います。,2025-06-11,0
330,28,16,10116,5,頭皮エッセンス スカルプリバイブの香りが大好きです。洗っている間も、乾かした後も、翌朝もふんわり良い香りが続きます。もちろん髪の仕上がりも◎です。,2025-08-01,0
331,1,183,10240,5,肌荒れがひどかった時期に皮膚科の先生に相談したら、低刺激のものを使うよう言われて薬用モイスチャーローションにたどり着きました。使い始めて1週間で赤みが落ち着き、1ヶ月後にはほとんど気にならなくなりました。本当にありがとうございます。もっと早く出会いたかったです。,2025-10-16,11
332,15,53,10847,5,クッションファンデ エアリーカバー、もう手放せません！カバー力があるのに厚塗り感ゼロで、まるで素肌がきれいになったみたい。朝つけて夕方までヨレないのも最高です。ファンデジプシーだった私の旅がようやく終わりました。,2025-05-05,0
333,31,130,10075,4,ボディスクラブ ソルト＆シトラスは保湿力◎。ただ、チューブタイプなので最後の方が出しにくい。ポンプ式があれば嬉しいです。,2025-05-19,2
334,20,110,10794,2,フィニッシングパウダー シルキーベールのカラーが写真と全然違いました。画面で見たピンクベージュを期待していたのに、実物はかなりオレンジ寄り。色味の再現性をもう少し正確にしてほしいです。返品したかったのですが開封済みは返品不可とのことで残念です。,2025-07-25,0
335,41,157,10151,2,ボディミスト サクラブルームの香りが強すぎて酔ってしまいました。もう少し控えめだと良いのですが。開封してしまったので返品できず…。,2025-05-21,19
336,4,171,10614,3,普通かな。オーガニッククレンジングオイルはSNSで話題になっていたので購入しましたが、私の肌には特別な変化はありませんでした。悪くはないけど感動もない感じ。,2025-05-02,8
337,5,182,10010,4,友人からのプレゼントでUVプロテクトミルク SPF50+を使い始めました。自分では選ばなかったかもしれませんが、使ってみたら想像以上に良かったです。肌なじみが良くてお気に入りになりました。,2025-09-22,27
338,10,29,10633,1,全く効果なし。ナイトリペアオイルを2ヶ月使いましたが何も変わりませんでした。高いお金を出したのに残念です。,2025-04-04,33
339,8,141,10385,4,毛穴すっきりクレイウォッシュ、星4つです。効果は確かに感じますが、香りがもう少し控えめだと個人的には嬉しいです。機能面では文句なしです。,2025-07-07,13
340,21,8,10690,5,ダメージリペアシャンプーの香りが大好きです。洗っている間も、乾かした後も、翌朝もふんわり良い香りが続きます。もちろん髪の仕上がりも◎です。,2026-03-05,0
341,1,45,10809,5,薬用モイスチャーローション、大満足です。30代になってから肌の乾燥が気になり始めて色々試しましたが、これが一番合いました。ベタつかないのにしっかり潤うテクスチャーがお気に入りです。,2025-09-16,0
342,11,111,10471,5,リキッドファンデーション シルクフィットは発色が本当にきれいで、つけるたびにテンションが上がります。パッケージもおしゃれで持ち歩くのが楽しいです。リピート確定！,2025-08-23,2
343,46,99,10104,5,パフュームハンドクリーム ムスクの香りが本当に素晴らしいです。トップからラストまでの変化が美しく、つけるたびに幸せな気持ちになれます。周りからも「良い香りだね」と褒められます。特別な日のために購入しましたが、毎日つけたくなるくらい気に入りました。,2025-08-15,11
344,37,50,10299,2,期待して買ったネイルオイル フラワーエッセンスですが、思ったよりベタつきが残ります。塗った後しばらく服が着られないのがストレス。,2025-05-14,0
345,36,93,10966,2,期待して買ったリップバーム シアモイストですが、思ったよりベタつきが残ります。塗った後しばらく服が着られないのがストレス。,2026-02-02,32
346,40,152,10227,2,オードトワレ シトラスブリーズの香りが強すぎて酔ってしまいました。もう少し控えめだと良いのですが。開封してしまったので返品できず…。,2025-07-11,1
347,30,48,10321,5,ハンドクリーム ローズ＆ハニー、プレゼントで頂いてから気に入ってリピートしています。手荒れがひどかったのですが、これを使い始めてからかなり改善されました。,2025-12-19,7
348,9,192,10209,5,オーガニック保湿ミスト、大満足です。30代になってから肌の乾燥が気になり始めて色々試しましたが、これが一番合いました。ベタつかないのにしっかり潤うテクスチャーがお気に入りです。,2025-05-25,0
349,2,66,10590,2,ディープモイスト乳液の品質自体は悪くないと思うのですが、配送に問題がありました。注文から届くまで10日以上かかり、箱もかなり潰れた状態で届きました。中身に問題はなかったですが、もう少し丁寧に扱ってほしいです。商品自体は星4つの価値があると思いますが、配送のマイナスで星2です。,2026-02-24,0
350,16,176,10551,3,リップティント ジューシーグロウ、色味は好みですがモチがイマイチかも。昼過ぎには結構よれてしまいます。ティッシュオフしてからつけると少しマシになりました。,2025-10-16,19
351,46,155,10730,4,プレゼント用にパフュームハンドクリーム ムスクを購入しました。パッケージもおしゃれで喜んでもらえました。自分用にも欲しくなりました。,2025-10-07,39
352,26,146,10949,5,カラーで傷みまくっていた髪がカラーケアコンディショナーを使い始めて2週間で見違えるようにサラサラになりました。美容師さんにも「髪の状態良くなったね」と言われて嬉しかったです。シャンプーでこんなに変わるとは思いませんでした。,2025-12-02,37
353,30,128,10377,5,冬場のカサカサ肌にハンドクリーム ローズ＆ハニーが手放せません。お風呂上がりに全身に塗ると翌朝までしっとりが続きます。香りも癒されます。もう5本はリピートしています。コスパも最高です。,2025-04-20,26
354,1,159,10254,4,薬用モイスチャーローション、星4つです。効果は確かに感じますが、香りがもう少し控えめだと個人的には嬉しいです。機能面では文句なしです。,2025-10-19,43
355,26,42,10137,5,カラーケアコンディショナーの香りが大好きです。洗っている間も、乾かした後も、翌朝もふんわり良い香りが続きます。もちろん髪の仕上がりも◎です。,2025-09-06,13
356,9,192,10209,5,オーガニック保湿ミストを使い始めて2ヶ月経ちました。肌のキメが整ってきたのを実感しています。テクスチャーも好みで、毎日のスキンケアが楽しくなりました。,2025-05-08,38
357,34,30,10750,5,冬場のカサカサ肌にボディミルク うるおいヴェールが手放せません。お風呂上がりに全身に塗ると翌朝までしっとりが続きます。香りも癒されます。もう5本はリピートしています。コスパも最高です。,2025-08-11,32
358,36,135,10416,4,子供と一緒に使えるリップバーム シアモイスト。低刺激で安心。香りもきつくなくて良いです。,2026-03-02,31
359,22,98,10074,3,オーガニックシャンプー ハーバルブリーズは可もなく不可もなく。以前使っていたシャンプーの方が自分には合っていた気がします。香りは好きです。,2025-05-03,0
360,9,157,10151,3,普通かな。オーガニック保湿ミストはSNSで話題になっていたので購入しましたが、私の肌には特別な変化はありませんでした。悪くはないけど感動もない感じ。,2026-01-18,5
361,3,196,10731,5,最高です！ビタミンC美容液 ピュアドロップのおかげで化粧ノリが全然違います。朝つけて夕方まで乾燥知らず。,2025-07-27,14
362,42,3,10907,2,練り香水 ウッディアンバーの香りが強すぎて酔ってしまいました。もう少し控えめだと良いのですが。開封してしまったので返品できず…。,2026-01-20,3
363,13,147,10359,3,アイシャドウパレット トワイライト感觉一般吧，没有网上说的那么神奇。可能不太适合我的肤质。,2026-02-20,21
364,29,32,10779,5,冬場のカサカサ肌にシアバターボディクリームが手放せません。お風呂上がりに全身に塗ると翌朝までしっとりが続きます。香りも癒されます。もう5本はリピートしています。コスパも最高です。,2025-04-10,15
365,11,75,10676,2,リキッドファンデーション シルクフィットのカラーが写真と全然違いました。画面で見たピンクベージュを期待していたのに、実物はかなりオレンジ寄り。色味の再現性をもう少し正確にしてほしいです。返品したかったのですが開封済みは返品不可とのことで残念です。,2025-10-13,43
366,37,117,10062,4,子供と一緒に使えるネイルオイル フラワーエッセンス。低刺激で安心。香りもきつくなくて良いです。,2025-06-24,5
367,22,99,10571,3,オーガニックシャンプー ハーバルブリーズは可もなく不可もなく。以前使っていたシャンプーの方が自分には合っていた気がします。香りは好きです。,2025-06-22,11
368,24,130,10197,5,ヘアオイル ゴールデンシルクの香りが大好きです。洗っている間も、乾かした後も、翌朝もふんわり良い香りが続きます。もちろん髪の仕上がりも◎です。,2025-12-28,0
369,30,121,10711,4,ハンドクリーム ローズ＆ハニーは保湿力◎。ただ、チューブタイプなので最後の方が出しにくい。ポンプ式があれば嬉しいです。,2025-04-08,23
370,21,88,10024,5,カラーで傷みまくっていた髪がダメージリペアシャンプーを使い始めて2週間で見違えるようにサラサラになりました。美容師さんにも「髪の状態良くなったね」と言われて嬉しかったです。シャンプーでこんなに変わるとは思いませんでした。,2025-04-25,2
371,5,32,10807,2,敏感肌向けと書いてあったのでUVプロテクトミルク SPF50+を購入しましたが、私には合いませんでした。塗った直後にピリピリとした刺激を感じ、翌日赤みが出てしまいました。成分を確認したらエタノールが入っていたので、アルコールに弱い方は注意が必要です。,2025-12-28,0
372,23,180,10863,4,集中補修トリートメント、洗い上がりはとても良いです。髪がきしまず、しっとりまとまります。ただ、ボトルが最後まで使いにくい形状で中身が出にくくなるのが難点です。,2025-09-06,32
373,21,157,10916,3,ダメージリペアシャンプーは可もなく不可もなく。以前使っていたシャンプーの方が自分には合っていた気がします。香りは好きです。,2025-05-13,0
374,41,155,10720,4,ボディミスト サクラブルーム、香り自体はとても好みです。ただ持続時間が3時間くらいしかないのが残念。つけ直し前提で使っています。,2025-11-24,5
375,35,1,10726,5,フットクリーム かかとケア集中補修、プレゼントで頂いてから気に入ってリピートしています。手荒れがひどかったのですが、これを使い始めてからかなり改善されました。,2026-02-24,26
376,47,198,10353,3,ファブリックミスト フレッシュリネン、店頭で試した時は良い香りだと思ったのですが、自分の肌につけると少し違う印象になりました。体温で香りが変化するのは仕方ないですが、ちょっと残念。,2025-12-09,1
377,23,72,10128,3,集中補修トリートメントは可もなく不可もなく。以前使っていたシャンプーの方が自分には合っていた気がします。香りは好きです。,2025-11-05,19
378,24,52,10465,2,ヘアオイル ゴールデンシルクを使い始めてからフケが増えた気がします。成分が合わなかったのかもしれません。1週間で使用を中止しました。,2025-12-09,6
379,43,82,10707,4,ルームフレグランス ホワイトティー、香り自体はとても好みです。ただ持続時間が3時間くらいしかないのが残念。つけ直し前提で使っています。,2026-03-17,0
380,44,72,10215,5,ヘアフレグランス シルキーフローラルはふんわり香る程度なのでオフィスでも使いやすいです。香りの持続時間も長すぎず短すぎずちょうど良い。,2025-04-25,0
381,3,193,10411,4,友人からのプレゼントでビタミンC美容液 ピュアドロップを使い始めました。自分では選ばなかったかもしれませんが、使ってみたら想像以上に良かったです。肌なじみが良くてお気に入りになりました。,2025-08-12,13
382,33,8,10690,4,子供と一緒に使えるリラックスバスソルト ラベンダー。低刺激で安心。香りもきつくなくて良いです。,2026-02-28,8
383,39,119,10266,5,オードパルファム フルールドソワレの香りが本当に素晴らしいです。トップからラストまでの変化が美しく、つけるたびに幸せな気持ちになれます。周りからも「良い香りだね」と褒められます。特別な日のために購入しましたが、毎日つけたくなるくらい気に入りました。,2025-09-20,0
384,4,85,10437,4,オーガニッククレンジングオイルはかなり良い商品だと思います。保湿力は申し分なく、使用感も好みです。ただ、ポンプ式だとさらに使いやすいかなと思いました。キャップを毎回開け閉めするのがちょっと面倒です。それ以外は満足しています。,2025-07-08,13
385,21,57,10479,2,ダメージリペアシャンプーを使い始めてからフケが増えた気がします。成分が合わなかったのかもしれません。1週間で使用を中止しました。,2025-10-25,20
386,14,73,10306,5,イエベ秋の私にぴったりのカラーでした。ロングラッシュマスカラのおかげで毎日のメイクが楽しくなっています。崩れにくさも優秀です。,2025-08-25,0
387,3,93,10588,5,肌荒れがひどかった時期に皮膚科の先生に相談したら、低刺激のものを使うよう言われてビタミンC美容液 ピュアドロップにたどり着きました。使い始めて1週間で赤みが落ち着き、1ヶ月後にはほとんど気にならなくなりました。本当にありがとうございます。もっと早く出会いたかったです。,2026-01-08,6
388,7,70,10681,4,エイジングケアクリーム リッチ、星4つです。効果は確かに感じますが、香りがもう少し控えめだと個人的には嬉しいです。機能面では文句なしです。,2026-02-22,28
389,21,30,10750,1,蓋が取れた状態で届きました。ダメージリペアシャンプーの中身がダンボールに染み出していて最悪。すぐに交換を依頼しましたが返品送料がかかると言われ、納得できません。,2025-06-23,0
390,44,125,10082,3,ヘアフレグランス シルキーフローラル、店頭で試した時は良い香りだと思ったのですが、自分の肌につけると少し違う印象になりました。体温で香りが変化するのは仕方ないですが、ちょっと残念。,2025-07-01,0
391,7,11,10408,2,エイジングケアクリーム リッチの品質自体は悪くないと思うのですが、配送に問題がありました。注文から届くまで10日以上かかり、箱もかなり潰れた状態で届きました。中身に問題はなかったですが、もう少し丁寧に扱ってほしいです。商品自体は星4つの価値があると思いますが、配送のマイナスで星2です。,2026-03-17,16
392,34,134,10600,3,ボディミルク うるおいヴェール、悪くないけど保湿力は普通かな。もう少しこっくりしたテクスチャーの方が冬場には良いかも。夏向きだと思います。,2025-11-16,0
393,24,95,10577,4,夫と一緒にヘアオイル ゴールデンシルクを使っています。家族で使えるのが良いですね。コスパも悪くないと思います。,2025-11-05,30
394,7,145,10828,5,エイジングケアクリーム リッチ、大満足です。30代になってから肌の乾燥が気になり始めて色々試しましたが、これが一番合いました。ベタつかないのにしっかり潤うテクスチャーがお気に入りです。,2026-02-22,18
395,11,25,10603,5,リキッドファンデーション シルクフィットは発色が本当にきれいで、つけるたびにテンションが上がります。パッケージもおしゃれで持ち歩くのが楽しいです。リピート確定！,2026-03-15,38
396,48,128,10141,5,バスボム アソートセットの香りが本当に素晴らしいです。トップからラストまでの変化が美しく、つけるたびに幸せな気持ちになれます。周りからも「良い香りだね」と褒められます。特別な日のために購入しましたが、毎日つけたくなるくらい気に入りました。,2025-04-15,0
397,3,91,10212,5,最高です！ビタミンC美容液 ピュアドロップのおかげで化粧ノリが全然違います。朝つけて夕方まで乾燥知らず。,2025-06-11,0
398,15,11,10570,5,クッションファンデ エアリーカバーは発色が本当にきれいで、つけるたびにテンションが上がります。パッケージもおしゃれで持ち歩くのが楽しいです。リピート確定！,2025-04-12,0
399,5,69,10942,5,肌荒れがひどかった時期に皮膚科の先生に相談したら、低刺激のものを使うよう言われてUVプロテクトミルク SPF50+にたどり着きました。使い始めて1週間で赤みが落ち着き、1ヶ月後にはほとんど気にならなくなりました。本当にありがとうございます。もっと早く出会いたかったです。,2025-05-18,15
400,10,170,10692,2,ナイトリペアオイルの品質自体は悪くないと思うのですが、配送に問題がありました。注文から届くまで10日以上かかり、箱もかなり潰れた状態で届きました。中身に問題はなかったですが、もう少し丁寧に扱ってほしいです。商品自体は星4つの価値があると思いますが、配送のマイナスで星2です。,2025-06-20,10
401,1,47,10623,5,最高です！薬用モイスチャーローションのおかげで化粧ノリが全然違います。朝つけて夕方まで乾燥知らず。,2025-09-27,9
402,10,179,10804,3,ナイトリペアオイル感觉一般吧，没有网上说的那么神奇。可能不太适合我的肤质。,2026-03-16,40
403,11,87,10190,4,リキッドファンデーション シルクフィットは全体的に満足しています。発色も持ちも良いです。欲を言えばもう2色くらいカラーバリエーションがあると嬉しいですね。ブルベ冬向けのカラーも出してほしいです。,2025-10-13,12
404,29,104,10944,5,冬場のカサカサ肌にシアバターボディクリームが手放せません。お風呂上がりに全身に塗ると翌朝までしっとりが続きます。香りも癒されます。もう5本はリピートしています。コスパも最高です。,2025-05-20,0
405,21,128,10531,5,カラーで傷みまくっていた髪がダメージリペアシャンプーを使い始めて2週間で見違えるようにサラサラになりました。美容師さんにも「髪の状態良くなったね」と言われて嬉しかったです。シャンプーでこんなに変わるとは思いませんでした。,2026-01-12,0
406,22,5,10210,2,オーガニックシャンプー ハーバルブリーズを使い始めてからフケが増えた気がします。成分が合わなかったのかもしれません。1週間で使用を中止しました。,2025-04-04,0
407,1,95,10890,4,薬用モイスチャーローション、星4つです。効果は確かに感じますが、香りがもう少し控えめだと個人的には嬉しいです。機能面では文句なしです。,2025-11-13,1
408,1,187,10310,2,薬用モイスチャーローションの品質自体は悪くないと思うのですが、配送に問題がありました。注文から届くまで10日以上かかり、箱もかなり潰れた状態で届きました。中身に問題はなかったですが、もう少し丁寧に扱ってほしいです。商品自体は星4つの価値があると思いますが、配送のマイナスで星2です。,2025-12-06,0
409,8,128,10141,4,混合肌ですが毛穴すっきりクレイウォッシュは問題なく使えています。Tゾーンがテカリやすいのですが、こちらを使った後はサラッとした仕上がりで気に入っています。もう少し量が多いとコスパ的に嬉しいです。,2025-12-08,0
410,48,117,10400,5,バスボム アソートセットはふんわり香る程度なのでオフィスでも使いやすいです。香りの持続時間も長すぎず短すぎずちょうど良い。,2025-05-17,0
411,13,108,10749,5,アイシャドウパレット トワイライト、もう手放せません！カバー力があるのに厚塗り感ゼロで、まるで素肌がきれいになったみたい。朝つけて夕方までヨレないのも最高です。ファンデジプシーだった私の旅がようやく終わりました。,2026-03-09,11
412,14,76,10884,4,ロングラッシュマスカラ works well for my skin type. Shipping to Singapore was fast too. Would buy again.,2026-01-10,9
413,5,111,10471,5,肌荒れがひどかった時期に皮膚科の先生に相談したら、低刺激のものを使うよう言われてUVプロテクトミルク SPF50+にたどり着きました。使い始めて1週間で赤みが落ち着き、1ヶ月後にはほとんど気にならなくなりました。本当にありがとうございます。もっと早く出会いたかったです。,2026-03-01,19
414,26,42,10137,2,カラーケアコンディショナーを使い始めてからフケが増えた気がします。成分が合わなかったのかもしれません。1週間で使用を中止しました。,2025-08-25,17
415,19,11,10408,1,コンシーラー カバーマジックを使ったら肌がかぶれてしまいました。皮膚科に行くことになりました。成分表示をもっとわかりやすくしてほしいです。,2025-04-23,47
416,11,95,10890,5,イエベ秋の私にぴったりのカラーでした。リキッドファンデーション シルクフィットのおかげで毎日のメイクが楽しくなっています。崩れにくさも優秀です。,2026-01-06,12
417,10,195,10232,4,友人からのプレゼントでナイトリペアオイルを使い始めました。自分では選ばなかったかもしれませんが、使ってみたら想像以上に良かったです。肌なじみが良くてお気に入りになりました。,2025-09-13,5
418,21,182,10188,4,ダメージリペアシャンプー、洗い上がりはとても良いです。髪がきしまず、しっとりまとまります。ただ、ボトルが最後まで使いにくい形状で中身が出にくくなるのが難点です。,2025-07-14,0
419,4,3,10295,3,オーガニッククレンジングオイル、使い心地は良いのですが値段を考えるとドラッグストアの商品でも良いかなと思ってしまいます。,2025-04-15,0
420,42,151,10167,5,練り香水 ウッディアンバーはふんわり香る程度なのでオフィスでも使いやすいです。香りの持続時間も長すぎず短すぎずちょうど良い。,2025-11-26,0
421,14,182,10619,1,ロングラッシュマスカラを使ったら肌がかぶれてしまいました。皮膚科に行くことになりました。成分表示をもっとわかりやすくしてほしいです。,2025-06-23,1
422,18,113,10445,4,チーク＆リップ デュアルカラーは全体的に満足しています。発色も持ちも良いです。欲を言えばもう2色くらいカラーバリエーションがあると嬉しいですね。ブルベ冬向けのカラーも出してほしいです。,2025-11-07,13
423,28,99,10733,4,頭皮エッセンス スカルプリバイブ、洗い上がりはとても良いです。髪がきしまず、しっとりまとまります。ただ、ボトルが最後まで使いにくい形状で中身が出にくくなるのが難点です。,2025-11-24,10
424,30,44,10187,5,冬場のカサカサ肌にハンドクリーム ローズ＆ハニーが手放せません。お風呂上がりに全身に塗ると翌朝までしっとりが続きます。香りも癒されます。もう5本はリピートしています。コスパも最高です。,2025-04-01,8
425,16,176,10551,5,リップティント ジューシーグロウは発色が本当にきれいで、つけるたびにテンションが上がります。パッケージもおしゃれで持ち歩くのが楽しいです。リピート確定！,2025-08-26,8
426,1,21,10738,4,混合肌ですが薬用モイスチャーローションは問題なく使えています。Tゾーンがテカリやすいのですが、こちらを使った後はサラッとした仕上がりで気に入っています。もう少し量が多いとコスパ的に嬉しいです。,2025-06-22,0
427,41,194,10438,4,プレゼント用にボディミスト サクラブルームを購入しました。パッケージもおしゃれで喜んでもらえました。自分用にも欲しくなりました。,2025-06-24,0
428,3,178,10184,4,"Really good ビタミンC美容液 ピュアドロップ. The only downside is that the instructions are all in Japanese, so it took me a while to figure out how to use it properly. Product itself is excellent though.",2025-10-10,7
429,9,141,10297,4,オーガニック保湿ミストはかなり良い商品だと思います。保湿力は申し分なく、使用感も好みです。ただ、ポンプ式だとさらに使いやすいかなと思いました。キャップを毎回開け閉めするのがちょっと面倒です。それ以外は満足しています。,2025-10-24,11
430,1,79,10189,4,混合肌ですが薬用モイスチャーローションは問題なく使えています。Tゾーンがテカリやすいのですが、こちらを使った後はサラッとした仕上がりで気に入っています。もう少し量が多いとコスパ的に嬉しいです。,2026-01-12,16
431,44,44,10058,4,ヘアフレグランス シルキーフローラル、香り自体はとても好みです。ただ持続時間が3時間くらいしかないのが残念。つけ直し前提で使っています。,2025-06-07,8
432,25,69,10942,1,蓋が取れた状態で届きました。スカルプケアシャンプー メンズの中身がダンボールに染み出していて最悪。すぐに交換を依頼しましたが返品送料がかかると言われ、納得できません。,2026-01-02,46
433,16,130,10073,4,リップティント ジューシーグロウは全体的に満足しています。発色も持ちも良いです。欲を言えばもう2色くらいカラーバリエーションがあると嬉しいですね。ブルベ冬向けのカラーも出してほしいです。,2025-08-23,0
434,49,190,10796,4,オーガニックリップパフューム、香り自体はとても好みです。ただ持続時間が3時間くらいしかないのが残念。つけ直し前提で使っています。,2025-10-25,9
435,16,147,10118,5,イエベ秋の私にぴったりのカラーでした。リップティント ジューシーグロウのおかげで毎日のメイクが楽しくなっています。崩れにくさも優秀です。,2025-07-04,0
436,23,195,10414,5,集中補修トリートメントの香りが大好きです。洗っている間も、乾かした後も、翌朝もふんわり良い香りが続きます。もちろん髪の仕上がりも◎です。,2025-04-11,3
437,16,119,10927,2,リップティント ジューシーグロウのカラーが写真と全然違いました。画面で見たピンクベージュを期待していたのに、実物はかなりオレンジ寄り。色味の再現性をもう少し正確にしてほしいです。返品したかったのですが開封済みは返品不可とのことで残念です。,2025-09-10,14
438,11,154,10638,1,リキッドファンデーション シルクフィットを使ったら肌がかぶれてしまいました。皮膚科に行くことになりました。成分表示をもっとわかりやすくしてほしいです。,2025-12-11,8
439,32,27,10917,4,子供と一緒に使える薬用デオドラントボディソープ。低刺激で安心。香りもきつくなくて良いです。,2025-09-16,10
440,18,80,10866,3,SNSのレビューを見て買いましたが、チーク＆リップ デュアルカラーは期待ほどではなかったです。普通に使えるけど、値段なりかなという印象。,2025-05-21,15
441,19,117,10995,5,コンシーラー カバーマジック、もう手放せません！カバー力があるのに厚塗り感ゼロで、まるで素肌がきれいになったみたい。朝つけて夕方までヨレないのも最高です。ファンデジプシーだった私の旅がようやく終わりました。,2026-01-24,16
442,32,2,10646,5,薬用デオドラントボディソープ、プレゼントで頂いてから気に入ってリピートしています。手荒れがひどかったのですが、これを使い始めてからかなり改善されました。,2026-02-18,0
443,10,53,10847,3,普通かな。ナイトリペアオイルはSNSで話題になっていたので購入しましたが、私の肌には特別な変化はありませんでした。悪くはないけど感動もない感じ。,2025-04-01,0
444,3,40,10285,4,"Really good ビタミンC美容液 ピュアドロップ. The only downside is that the instructions are all in Japanese, so it took me a while to figure out how to use it properly. Product itself is excellent though.",2025-09-14,0
445,16,174,10781,5,リップティント ジューシーグロウは発色が本当にきれいで、つけるたびにテンションが上がります。パッケージもおしゃれで持ち歩くのが楽しいです。リピート確定！,2025-08-25,5
446,13,190,10796,5,イエベ秋の私にぴったりのカラーでした。アイシャドウパレット トワイライトのおかげで毎日のメイクが楽しくなっています。崩れにくさも優秀です。,2026-03-01,41
447,29,177,10565,4,子供と一緒に使えるシアバターボディクリーム。低刺激で安心。香りもきつくなくて良いです。,2025-11-14,2
448,12,72,10271,4,汗をかいても崩れにくいマットリップ ベルベットルージュ、夏場は本当に助かりました。冬はちょっと乾燥が気になるので保湿下地と合わせて使っています。,2026-01-28,19
449,34,82,10499,1,ボディミルク うるおいヴェール、使用期限が1ヶ月後のものが届きました。品質管理を見直してください。,2026-02-17,0
450,35,196,10330,4,フットクリーム かかとケア集中補修は保湿力◎。ただ、チューブタイプなので最後の方が出しにくい。ポンプ式があれば嬉しいです。,2025-09-15,20
451,14,182,10619,4,ロングラッシュマスカラは全体的に満足しています。発色も持ちも良いです。欲を言えばもう2色くらいカラーバリエーションがあると嬉しいですね。ブルベ冬向けのカラーも出してほしいです。,2025-05-07,10
452,2,193,10259,2,ディープモイスト乳液、値段の割に量が少なすぎます。1ヶ月持たないのは正直コスパが悪いと感じました。,2025-08-20,34
453,34,92,10144,4,ボディミルク うるおいヴェールは保湿力◎。ただ、チューブタイプなので最後の方が出しにくい。ポンプ式があれば嬉しいです。,2025-07-18,20
454,21,6,10642,2,ダメージリペアシャンプーを使い始めてからフケが増えた気がします。成分が合わなかったのかもしれません。1週間で使用を中止しました。,2026-03-05,6
455,8,2,10230,4,毛穴すっきりクレイウォッシュ、星4つです。効果は確かに感じますが、香りがもう少し控えめだと個人的には嬉しいです。機能面では文句なしです。,2025-09-26,0
456,4,42,10032,5,オーガニッククレンジングオイル、大満足です。30代になってから肌の乾燥が気になり始めて色々試しましたが、これが一番合いました。ベタつかないのにしっかり潤うテクスチャーがお気に入りです。,2025-09-12,20
457,48,54,10504,5,バスボム アソートセットはふんわり香る程度なのでオフィスでも使いやすいです。香りの持続時間も長すぎず短すぎずちょうど良い。,2026-01-26,1
458,7,158,10940,5,エイジングケアクリーム リッチ、大満足です。30代になってから肌の乾燥が気になり始めて色々試しましたが、これが一番合いました。ベタつかないのにしっかり潤うテクスチャーがお気に入りです。,2025-12-13,45
459,5,192,10065,5,UVプロテクトミルク SPF50+、大満足です。30代になってから肌の乾燥が気になり始めて色々試しましたが、これが一番合いました。ベタつかないのにしっかり潤うテクスチャーがお気に入りです。,2025-11-17,18
460,4,57,10734,4,オーガニッククレンジングオイルはかなり良い商品だと思います。保湿力は申し分なく、使用感も好みです。ただ、ポンプ式だとさらに使いやすいかなと思いました。キャップを毎回開け閉めするのがちょっと面倒です。それ以外は満足しています。,2025-11-05,25
461,26,35,10729,5,カラーケアコンディショナーの香りが大好きです。洗っている間も、乾かした後も、翌朝もふんわり良い香りが続きます。もちろん髪の仕上がりも◎です。,2025-09-18,16
462,39,10,10091,4,プレゼント用にオードパルファム フルールドソワレを購入しました。パッケージもおしゃれで喜んでもらえました。自分用にも欲しくなりました。,2025-07-12,20
463,24,195,10103,5,ヘアオイル ゴールデンシルクの香りが大好きです。洗っている間も、乾かした後も、翌朝もふんわり良い香りが続きます。もちろん髪の仕上がりも◎です。,2025-08-26,0
464,19,64,10937,5,コンシーラー カバーマジック、もう手放せません！カバー力があるのに厚塗り感ゼロで、まるで素肌がきれいになったみたい。朝つけて夕方までヨレないのも最高です。ファンデジプシーだった私の旅がようやく終わりました。,2025-06-06,22
465,26,188,10379,3,カラーケアコンディショナーは可もなく不可もなく。以前使っていたシャンプーの方が自分には合っていた気がします。香りは好きです。,2025-08-10,0
466,9,138,10134,4,オーガニック保湿ミスト、星4つです。効果は確かに感じますが、香りがもう少し控えめだと個人的には嬉しいです。機能面では文句なしです。,2025-05-04,25
467,37,2,10182,3,ネイルオイル フラワーエッセンス、悪くないけど保湿力は普通かな。もう少しこっくりしたテクスチャーの方が冬場には良いかも。夏向きだと思います。,2026-01-23,0
468,40,78,10985,4,オードトワレ シトラスブリーズ、香り自体はとても好みです。ただ持続時間が3時間くらいしかないのが残念。つけ直し前提で使っています。,2025-05-14,0
469,11,53,10602,4,リキッドファンデーション シルクフィットは全体的に満足しています。発色も持ちも良いです。欲を言えばもう2色くらいカラーバリエーションがあると嬉しいですね。ブルベ冬向けのカラーも出してほしいです。,2026-03-07,36
470,1,31,10684,3,薬用モイスチャーローションを1本使い切りました。可もなく不可もなくという印象です。悪くはないのですが、期待していたほどの効果は感じられませんでした。リピートするかどうかは迷い中です。他の商品も試してみてから判断したいと思います。,2026-02-19,39
471,3,57,10734,4,ビタミンC美容液 ピュアドロップはかなり良い商品だと思います。保湿力は申し分なく、使用感も好みです。ただ、ポンプ式だとさらに使いやすいかなと思いました。キャップを毎回開け閉めするのがちょっと面倒です。それ以外は満足しています。,2025-11-11,0
472,1,94,10349,4,薬用モイスチャーローションはかなり良い商品だと思います。保湿力は申し分なく、使用感も好みです。ただ、ポンプ式だとさらに使いやすいかなと思いました。キャップを毎回開け閉めするのがちょっと面倒です。それ以外は満足しています。,2025-11-26,13
473,6,122,10419,4,"Really good 薬用美白化粧水 ホワイトリペア. The only downside is that the instructions are all in Japanese, so it took me a while to figure out how to use it properly. Product itself is excellent though.",2025-10-09,0
474,41,28,10014,2,ボディミスト サクラブルームの香りが強すぎて酔ってしまいました。もう少し控えめだと良いのですが。開封してしまったので返品できず…。,2025-06-07,19
475,11,193,10581,5,リキッドファンデーション シルクフィットは発色が本当にきれいで、つけるたびにテンションが上がります。パッケージもおしゃれで持ち歩くのが楽しいです。リピート確定！,2025-09-08,8
476,11,80,10862,3,SNSのレビューを見て買いましたが、リキッドファンデーション シルクフィットは期待ほどではなかったです。普通に使えるけど、値段なりかなという印象。,2025-10-27,42
477,47,160,10003,4,ファブリックミスト フレッシュリネン、香り自体はとても好みです。ただ持続時間が3時間くらいしかないのが残念。つけ直し前提で使っています。,2025-06-14,10
478,15,139,10393,4,クッションファンデ エアリーカバー整体不错，质地清爽不油腻。就是瓶子的设计不太方便，每次都要倒很久才能倒出来。,2025-07-01,0
479,4,47,10468,5,最高です！オーガニッククレンジングオイルのおかげで化粧ノリが全然違います。朝つけて夕方まで乾燥知らず。,2025-07-12,14
480,39,166,10987,3,オードパルファム フルールドソワレ、店頭で試した時は良い香りだと思ったのですが、自分の肌につけると少し違う印象になりました。体温で香りが変化するのは仕方ないですが、ちょっと残念。,2025-05-18,13
481,13,78,10516,5,イエベ秋の私にぴったりのカラーでした。アイシャドウパレット トワイライトのおかげで毎日のメイクが楽しくなっています。崩れにくさも優秀です。,2025-05-28,12
482,40,29,10340,3,オードトワレ シトラスブリーズ、店頭で試した時は良い香りだと思ったのですが、自分の肌につけると少し違う印象になりました。体温で香りが変化するのは仕方ないですが、ちょっと残念。,2025-10-19,12
483,38,1,10726,4,子供と一緒に使えるオーガニックボディオイル。低刺激で安心。香りもきつくなくて良いです。,2025-08-18,6
484,25,69,10942,4,スカルプケアシャンプー メンズ、洗い上がりはとても良いです。髪がきしまず、しっとりまとまります。ただ、ボトルが最後まで使いにくい形状で中身が出にくくなるのが難点です。,2025-10-23,10
485,23,85,10191,4,夫と一緒に集中補修トリートメントを使っています。家族で使えるのが良いですね。コスパも悪くないと思います。,2025-05-24,49
486,12,92,10771,1,マットリップ ベルベットルージュを使ったら肌がかぶれてしまいました。皮膚科に行くことになりました。成分表示をもっとわかりやすくしてほしいです。,2025-09-01,20
487,15,179,10736,5,クッションファンデ エアリーカバーは発色が本当にきれいで、つけるたびにテンションが上がります。パッケージもおしゃれで持ち歩くのが楽しいです。リピート確定！,2026-03-02,3
488,46,92,10524,3,パフュームハンドクリーム ムスク、店頭で試した時は良い香りだと思ったのですが、自分の肌につけると少し違う印象になりました。体温で香りが変化するのは仕方ないですが、ちょっと残念。,2025-09-23,6
489,11,178,10832,4,リキッドファンデーション シルクフィットは全体的に満足しています。発色も持ちも良いです。欲を言えばもう2色くらいカラーバリエーションがあると嬉しいですね。ブルベ冬向けのカラーも出してほしいです。,2026-01-13,0
490,31,112,10823,2,期待して買ったボディスクラブ ソルト＆シトラスですが、思ったよりベタつきが残ります。塗った後しばらく服が着られないのがストレス。,2026-01-12,2
491,41,81,10409,3,ボディミスト サクラブルーム、店頭で試した時は良い香りだと思ったのですが、自分の肌につけると少し違う印象になりました。体温で香りが変化するのは仕方ないですが、ちょっと残念。,2025-12-20,19
492,2,93,10588,4,友人からのプレゼントでディープモイスト乳液を使い始めました。自分では選ばなかったかもしれませんが、使ってみたら想像以上に良かったです。肌なじみが良くてお気に入りになりました。,2025-10-27,28
493,44,119,10654,2,ヘアフレグランス シルキーフローラルの香りが強すぎて酔ってしまいました。もう少し控えめだと良いのですが。開封してしまったので返品できず…。,2026-02-22,0
494,45,92,10096,4,アロマオイルセット リラクゼーション、香り自体はとても好みです。ただ持続時間が3時間くらいしかないのが残念。つけ直し前提で使っています。,2025-06-22,19
495,44,139,10432,5,ヘアフレグランス シルキーフローラルはふんわり香る程度なのでオフィスでも使いやすいです。香りの持続時間も長すぎず短すぎずちょうど良い。,2025-11-28,6
496,36,99,10145,5,冬場のカサカサ肌にリップバーム シアモイストが手放せません。お風呂上がりに全身に塗ると翌朝までしっとりが続きます。香りも癒されます。もう5本はリピートしています。コスパも最高です。,2025-05-20,15
497,17,103,10737,4,汗をかいても崩れにくいアイブロウペンシル ナチュラルフィット、夏場は本当に助かりました。冬はちょっと乾燥が気になるので保湿下地と合わせて使っています。,2025-06-14,6
498,18,95,10890,4,チーク＆リップ デュアルカラー works well for my skin type. Shipping to Singapore was fast too. Would buy again.,2026-02-23,7
499,14,193,10411,1,ロングラッシュマスカラを使ったら肌がかぶれてしまいました。皮膚科に行くことになりました。成分表示をもっとわかりやすくしてほしいです。,2025-10-09,20
500,29,34,10325,5,シアバターボディクリーム、プレゼントで頂いてから気に入ってリピートしています。手荒れがひどかったのですが、これを使い始めてからかなり改善されました。,2025-04-26,0
